Date,Mean Temperature(°C),Minimum Temperature(°C),Maximum Temperature(°C),Precipitation(mm),Mean Wind Speed (m/s),Minimum Relative Humidity(%),Mean Relative Humidity(%),Duration of Sunshine(hr),Mean Surface Temperature(°C),Minimum Grass Temperature(°C),Cumulative Precipitation (mm),Mosquito Value
2021-08-31,20.5,18.1,23.1,77.4,2.3,77,93.3,0,21.2,17.8,78.2,82
2021-08-30,24.2,21.2,27.7,0,1.4,57,77.5,1.1,25.3,19,0,82.6
2021-08-29,23.7,21.9,26.3,0.9,1.6,65,82.6,1,24.3,19.1,0.9,79.3
2021-08-28,23.6,19.7,28.2,0,1.8,57,80.4,3.8,25.1,17.1,0,83
2021-08-27,22.4,20.4,25.5,0.9,1.3,67,83.5,0,23.1,17.6,0.9,79.6
2021-08-26,25.5,22.9,27.9,0.7,2.5,75,84.9,0.2,25.9,20.4,1.6,88.3
2021-08-25,25,23.5,27.3,0.3,1.8,73,85.5,0.7,26.7,20,1.9,87
2021-08-24,23.4,21.1,26.4,10.5,2.9,89,93.6,0,24,20.4,12.4,89.4
2021-08-23,22.4,21,24,7.4,2,78,89.3,0,22.9,18.8,19.8,89.4
2021-08-22,24.4,22.4,27,0,2.1,63,81.5,0.7,24.7,19.3,0,82
2021-08-21,23.8,21,25.5,62.8,2.7,76,88.1,1,25.7,20.7,62.8,85
2021-08-20,26.6,22.6,30.7,0,2.3,50,63.6,5.5,28.9,20.5,0,85.3
2021-08-19,26,21,31.5,0,2.6,42,57.1,8.6,29.1,18.4,0,91
2021-08-18,24.3,20.6,31,5.6,2.8,48,69.6,5.8,25.1,18.7,5.6,87.7
2021-08-17,25.9,21.9,31.3,9.3,2.4,46,65,5.8,30.6,20.3,14.9,91.7
2021-08-16,27.3,22.5,32.8,0,2.3,39,61.1,10.4,33.6,20.5,0,92.1
2021-08-15,26.9,21.7,32.4,0,2.3,41,59.6,10.2,30.6,18.8,0,94.4
2021-08-14,26.1,23.4,30.5,0,3,51,63.9,4.5,29.6,21.1,0,93.1
2021-08-13,26.6,23.4,30.1,0,2,57,70.4,1.7,28.8,19.7,0,92.4
2021-08-12,26.8,24,31.7,0,1.8,52,67.1,4.4,29.6,20,0,92.4
2021-08-11,27.4,24.1,31.6,0,2,49,70.3,5.3,31.5,20.6,0,91.4
2021-08-10,27.7,24.3,32.2,0,2.3,46,62.5,8.5,31.1,21.2,0,92.4
2021-08-09,28.3,23.3,33.6,0,2.3,42,62.4,8.6,31.7,19.9,0,90
2021-08-08,26.8,24.4,32.1,12.7,1.7,57,74.8,2,28.9,20.4,12.7,90
2021-08-07,28,23.4,32.3,0,2.1,48,65,11.3,35.3,19.2,0,86
2021-08-06,28.1,26,32.2,0,2.1,57,68.4,6.3,33.8,23.3,0,80.3
2021-08-05,29.4,25.6,33.7,0,2.1,53,68.1,8.9,30.7,22.5,0,80.3
2021-08-04,28.9,26.3,33.2,0,2,51,70.6,6.1,29.9,23.3,0,81.6
2021-08-03,28,24.1,31.4,0,1.8,60,76.9,4.3,29,22.3,0,87.3
2021-08-02,26.5,25,28.6,1.7,1.6,69,82.6,0.6,27.8,23.6,1.7,84
2021-08-01,27.1,25.1,28.8,21,1.3,71,81.8,0,28.3,24.2,22.7,82.3
2021-07-31,29.8,26.8,34.3,3,2.5,52,69.9,7.7,31.6,25,25.7,88
2021-07-30,30.5,25.8,35.4,0,2.1,44,63.1,7.7,33.5,22.5,0,88.7
2021-07-29,29.6,27,33.3,0,2,57,69.9,2.2,31.3,24,0,89.4
2021-07-28,30.4,27.1,34.7,0,1.9,52,67.4,6.5,33.5,24.9,0,80.9
2021-07-27,31.1,27.8,35.7,0,2.1,43,60.5,7.3,33.3,24.8,0,82
2021-07-26,31.2,27.4,35.4,0,2.4,40,54.9,13.2,35.3,24.4,0,78.6
2021-07-25,31.5,27.2,35.9,0,2,40,55.8,13,34.2,22.3,0,80.3
2021-07-24,31.7,26.9,36.5,0,1.7,37,57.4,12.3,32.6,23,0,80.9
2021-07-23,31.2,27.2,35.8,0,1.8,42,61.8,12.4,32.2,22.7,0,81.3
2021-07-22,31.2,26.5,35.9,0,2,37,59.8,11.4,31.4,22.8,0,71.5
2021-07-21,30.5,25.3,35.3,0,1.7,40,64,11.3,30.5,22,0,68.5
2021-07-20,27.9,23.6,31.8,0,1.5,58,75.8,3.4,28.9,21.2,0,68.5
2021-07-19,26.4,24,30.5,67.4,1.9,61,80.1,3.1,28,21.9,67.4,67.5
2021-07-18,29.6,25.7,34.1,0,2.1,46,62.5,8.4,33.1,22.5,0,66.8
2021-07-17,29.1,24.7,32.8,0,2.3,50,63.1,8.9,32.4,21.6,0,80.3
2021-07-16,28.8,24.2,35.2,0,2.2,44,68.4,10.5,32.5,21.6,0,72.9
2021-07-15,29.1,25.9,34.5,0,2.1,51,71.1,8.7,31.8,22.9,0,71.5
2021-07-14,29.7,26.1,33.5,0,2.2,56,71.4,7.1,30.6,22.8,0,72.5
2021-07-13,28.8,26.3,31.5,0,1.7,62,76.1,1.4,28.5,23.6,0,71.5
2021-07-12,28.1,23.8,32.5,0,1.6,58,75.1,4.9,29,21.7,0,67.5
2021-07-11,25.7,24.1,27.5,0.4,2.2,81,86.8,0.1,26.3,22.2,0.4,67.5
2021-07-10,25.9,23.1,29.2,0.5,2.4,60,80.4,4.2,26.9,22,0.9,67.8
2021-07-09,25.5,23.6,29.2,0,1.9,62,77.3,3.8,27,21.7,0,66.5
2021-07-08,26,23.8,29.8,2.9,2,66,81.6,2.9,27,21.7,2.9,63.1
2021-07-07,26.4,23.9,29.1,12.7,1.5,65,78.5,1.1,26.6,21.5,15.6,64.1
2021-07-06,25.3,21,30.1,0,1.6,54,73.4,4.3,26.8,18,0,67.1
2021-07-05,23.3,20.1,26.9,0,1.4,64,80.3,0.9,24.6,19.5,0,65.5
2021-07-04,21.4,19.8,23.1,21.4,2.3,91,96.8,0,22.2,19.6,21.4,60.1
2021-07-03,22.6,19.6,25.7,60,3.6,62,80,0.9,23.5,19.3,81.4,59.7
2021-07-02,27.1,23.6,31.8,0,2.3,47,64.1,7.4,27.2,21.2,0,64.8
2021-07-01,26.3,21.4,31,0,1.8,45,70.9,8.2,27.4,19.6,0,66.8
2021-06-30,24.3,21,28.8,6,1.3,55,77.9,4,26.3,19.3,6,69.2
2021-06-29,23.9,21.3,28.4,8,1.8,56,78.6,4.2,26.4,19.6,14,73.2
2021-06-28,23.7,21,29.2,0.1,1.9,57,76.4,2.2,25,19.8,14.1,64.4
2021-06-27,24.5,19.8,30.8,38.2,2,43,72.1,8.1,27.8,18.3,52.3,71.2
2021-06-26,22.8,19.9,26.7,4.5,1.8,63,78.5,2.3,25,18.6,56.8,62.1
2021-06-25,24.1,19.5,29.5,0,2,48,69,9.7,28,17,0,67.8
2021-06-24,23,18.5,28,0,1.9,51,71.1,5.7,25.2,17,0,67.8
2021-06-23,22.4,18.8,27.9,7.5,2.4,49,70.5,7.2,26.9,17.9,7.5,69.8
2021-06-22,22.8,19.7,28.6,0,2.1,41,67.9,6.8,25.8,15.2,0,66.5
2021-06-21,23.6,19.2,28.5,0,2.2,45,67,11.1,28.1,15,0,64.1
2021-06-20,22.9,17.6,29,0,2.8,48,73.3,10.7,26.9,12,0,66.1
2021-06-19,22.3,17.5,27.4,0,1.8,49,74,10.5,26.1,12.9,0,62.8
2021-06-18,20,19,21.4,6.3,2.5,82,92.1,0,21.6,18.4,6.3,58
2021-06-17,21.9,19.6,25,0,2.4,58,71.4,0.3,23.4,17.7,0,45.6
2021-06-16,24.3,20.3,28.9,0,3.6,46,59.9,11.5,27.3,16.9,0,45.6
2021-06-15,22.5,21.5,25.3,1.9,2.3,68,79.1,1.6,23.3,18.5,1.9,50
2021-06-14,24.8,18.9,30.2,0,2.1,50,68.8,8.3,27.8,16.6,0,56.7
2021-06-13,24.8,20.9,29.7,0,2,54,72.6,10.2,27.9,16.6,0,54.3
2021-06-12,24.2,18.2,30.2,0,1.8,49,74.6,9.1,27.3,13.8,0,56.4
2021-06-11,21.5,19.9,24.4,4.6,2.8,70,84.5,1.8,23.8,18.8,4.6,37.2
2021-06-10,24.9,20.5,29.8,6.1,2.2,43,68.5,1.3,25.5,17.5,10.7,43.9
2021-06-09,25.8,19.5,31.6,0,1.6,36,59.1,9.9,26.5,15.3,0,42.6
2021-06-08,23.6,18.8,29.5,0.1,1.7,43,69.6,7.1,25.4,15.3,0.1,47.6
2021-06-07,21.1,19.4,24,0,1.7,57,71.5,0.3,21.1,14.5,0,39.5
2021-06-06,23,18.4,28.2,0,2.2,48,69.6,8.3,25,12.7,0,40.9
2021-06-05,20.8,17,25.7,0,3.3,40,68.1,8.4,22.2,13.6,0,56
2021-06-04,18.5,13.3,23.6,0,2.9,38,69.4,10.9,22.7,8.8,0,49
2021-06-03,19.1,14.6,22.7,18.1,1.8,59,80.8,0.2,20.4,12.9,18.1,47.3
2021-06-02,23.2,16.6,29.7,0,2.1,37,64.4,11.9,25,12.6,0,48.6
2021-06-01,20.2,15.9,23.9,3.2,2.2,57,74.6,1.9,21.1,13.9,3.2,0.8
2021-05-31,19.9,16.5,23.8,4,1.8,63,78.9,2,21.1,14.5,7.2,42.6
2021-05-30,18.4,10.8,26.3,18.1,2.1,37,73,11.6,21.9,7.8,25.3,46.6
2021-05-29,15.4,12.8,19.1,0.3,2.2,59,79.8,3.9,18.1,9.5,25.6,48.6
2021-05-28,15.3,12.4,19.7,12.3,2.6,66,86,1.9,17.4,7.9,37.9,50.6
2021-05-27,15.8,13.9,18.7,8.9,2.8,52,83,0.5,16.4,9,46.8,70.8
2021-05-26,18,11.5,23,0,2.9,31,58.5,5.3,18.8,6.6,0,61.4
2021-05-25,15.3,11.9,19.3,8.3,3.2,37,72.3,6.4,17.9,7.5,8.3,56.7
2021-05-24,19.4,16.4,24.5,0,2.7,28,61,9.1,22.8,12.4,0,56.7
2021-05-23,19.5,14.3,25.1,0,1.7,46,64.4,6,21,9.1,0,57.7
2021-05-22,18.6,13.8,23.8,0.2,2.5,43,69.3,12.7,21.8,9.3,0.2,32.5
2021-05-21,16,14.2,18.2,6.9,1.7,73,86.5,0.9,17.4,13.3,7.1,40.2
2021-05-20,18.7,15.6,22.9,0.9,2.5,42,59.8,0,17.9,11,8,34.5
2021-05-19,19.9,12.4,26.6,0,1.8,31,52.3,13.2,22.3,7.1,0,30.8
2021-05-18,17.9,13.6,24.5,0,1.7,45,70.5,8.4,20.2,9.2,0,36.8
2021-05-17,15.3,14.2,16.7,3.1,1.6,86,93,0,17.4,10.9,3.1,27.4
2021-05-16,18.4,14.8,20.8,66.9,2.5,94,97.6,0,19.6,14.1,70,35.5
2021-05-15,22.1,20.8,26.2,15,1.7,56,79.5,0.5,22.9,17.7,85,39.2
2021-05-14,24.1,18,30.8,0,1.7,35,60.3,10.8,25.2,12.1,0,29.1
2021-05-13,22.9,16.6,29.6,0,1.9,36,54.4,12.8,24.6,11,0,29.1
2021-05-12,22,16.9,27.7,0,2.2,26,39.5,11,21.7,11.6,0,25.4
2021-05-11,18.5,9.4,25.7,0,2.7,28,48.9,13.2,18.7,4.6,0,29.4
2021-05-10,13.2,11.7,14.6,0,1.8,59,67.9,0,13.5,4.7,0,29.8
2021-05-09,15.7,10,21.8,0,3.5,25,51.3,13,18.2,5.2,0,37.5
2021-05-08,14.3,8.9,21,0,3.4,36,66.1,8.9,16.9,5.4,0,38.5
2021-05-07,14.4,10.7,17.2,8.8,3.4,38,60.3,5.9,15.5,7.7,8.8,42.9
2021-05-06,15.7,7.9,23.1,0,2.4,27,46.4,10.6,16.8,2.9,0,42.2
2021-05-05,13.9,10.3,18.4,0.1,3.5,29,64.4,11.5,17.6,4.4,0.1,43.2
2021-05-04,13.8,11.4,15.8,19.6,2.1,53,82.6,0,13.5,7.8,19.7,52.3
2021-05-03,14.1,8.4,20.3,0,2.1,27,56.4,11.6,17.3,4,0,52.3
2021-05-02,12.4,7.3,18.7,1.7,3.1,41,67.9,10.8,16.8,5.4,1.7,58
2021-05-01,10.2,8.5,15.3,8,2.7,47,80.8,1.2,12.4,7.4,9.7,55
2020-10-31,13.6,8.5,18.2,0,2.6,51,60.3,5.8,12.9,5.2,0,19.1
2020-10-30,11.9,5.8,19.6,0,1.5,22,42.9,9.7,11.2,1.6,0,19.1
2020-10-29,10.8,5.5,16.1,0,2,24,40.3,9,11.5,-1.5,0,19.1
2020-10-28,13.8,8.6,18.2,0,2.5,23,52.1,9.2,13.8,2.1,0,19.1
2020-10-27,14,9,19.4,0,1.8,39,74.1,8.3,13.2,6,0,19.1
2020-10-26,12.9,8,19,0,1.6,42,71.6,9.2,11.9,3.2,0,19.1
2020-10-25,11.8,5.4,18.2,0,1.7,29,62.5,8.8,10.9,1.6,0,19.1
2020-10-24,8.7,3.2,14,0,2.5,27,47.6,9.9,9.4,-1.6,0,19.1
2020-10-23,8.6,5.4,13.3,0,3,34,51.5,9.9,10.7,0.6,0,19.1
2020-10-22,13.5,8.4,18.2,0,2.8,40,66,5.4,15.2,5.6,0,19.1
2020-10-21,14.1,11.8,17.3,0,1.9,58,69.4,0.1,13.7,6.6,0,19.8
2020-10-20,15.2,9.9,21.7,0,1.6,38,67.1,10,14.5,3.7,0,19.1
2020-10-19,15.1,9.8,21.3,0,1.7,38,74.4,9.8,14.3,2.9,0,19.1
2020-10-18,13.6,7.2,20.2,0,2,40,65.5,9.7,12.9,1.7,0,19.1
2020-10-17,13.1,8.7,18.6,0,1.8,26,64.3,10.1,13.1,2,0,19.1
2020-10-16,11.8,8.6,15.4,0,1.5,48,64.3,0,12.5,3.5,0,19.1
2020-10-15,11.7,6.5,18.5,0,1.5,27,41.8,7.2,13.1,1,0,19.1
2020-10-14,12.8,8.5,18,0,2.4,20,47,5.8,14.3,5.1,0,19.1
2020-10-13,13.6,8.6,18.4,0,2.2,30,52.3,7.1,14.2,1.4,0,19.1
2020-10-12,16.2,12.1,21.3,0,2.2,48,68.6,7.5,16.8,8,0,19.1
2020-10-11,16.9,12.7,20.8,0,1.8,52,68.5,4.9,16.1,9.7,0,19.1
2020-10-10,16.9,12.3,21.5,0,2,41,60.1,7.6,16.6,6.6,0,19.1
2020-10-09,17.2,12.4,23.3,0,3,42,53.4,10.6,16.6,6.8,0,19.1
2020-10-08,17.2,12.1,23.1,0,3.1,35,53,10.8,15.9,8.5,0,19.1
2020-10-07,16,9.9,22,0,1.9,24,48.9,8.9,14.9,5.8,0,39.7
2020-10-06,14.2,9.3,19.7,0,2,34,55.9,10.8,14.6,4,0,47.6
2020-10-05,13.3,8.5,18.4,0,2.5,40,57.3,10.5,14.5,2.9,0,57.1
2020-10-04,16.6,10.6,21.8,0,2.8,42,65.1,4.3,17.8,7,0,54.9
2020-10-03,19.9,18.3,23.2,0,1.6,46,72.5,1.8,19.8,15.7,0,54
2020-10-02,19.2,16.3,21.9,0,2.3,63,79.6,1.9,18.5,12.8,0,56.2
2020-10-01,18.8,15.6,23.6,0,2.1,58,74.9,2.5,19.6,13.5,0,56.4
2020-09-30,19.6,16.2,25.7,38.3,1.7,48,78,4.9,21.1,12.7,38.3,59.7
2020-09-29,19.6,15.3,23.9,0,1.9,43,67.6,6.3,20.7,10.3,0,58.7
2020-09-28,20.7,15.7,26.5,0,2,40,66,10.5,22,11.1,0,58.7
2020-09-27,20.4,14.9,25.8,0,2,43,63.3,9.8,21.4,12.2,0,58.1
2020-09-26,19.3,14.8,24.8,0,2.4,45,62.5,8,20.4,10,0,59.3
2020-09-25,20.1,16.6,25.4,0,2.5,49,64.1,3.5,21.5,12.6,0,54.9
2020-09-24,20.6,16.8,25.4,0,3.7,49,59.6,8,22,15.1,0,59.8
2020-09-23,19.2,15.2,23.8,0,3.3,50,59.9,7.2,20.8,10.7,0,56.5
2020-09-22,20.2,15.5,25.6,0,2.8,35,55.3,10.7,21.8,10.5,0,56.5
2020-09-21,19.1,13.6,25.3,0,1.7,33,56.1,9.6,20.6,7.3,0,61.3
2020-09-20,19.7,15.6,24.9,0,2,33,57.6,11.4,21.2,9.1,0,65.1
2020-09-19,21.2,17.6,26.2,0.3,2.2,27,59.3,9.7,21.8,9.6,0.3,62.5
2020-09-18,21.5,18.1,25.8,0,2.8,35,62,9.8,22.4,13,0,66.8
2020-09-17,21.3,20.1,23.6,0,2.1,47,70.3,0.7,21.5,17.1,0,68.3
2020-09-16,22.5,21.3,24.9,0.3,1.9,70,79.9,0.3,22.2,19.1,0.3,61.7
2020-09-15,23,18.9,27.7,0,1.6,50,76.4,5.1,23.9,15.3,0,62.3
2020-09-14,21.3,17.6,24.9,0,1.8,62,79.3,5.7,22.8,12.9,0,58
2020-09-13,21.5,16.7,26.6,0,1.9,52,70.4,9.8,24.1,14,0,65.5
2020-09-12,20.2,18.1,23.2,5.7,2,74,83.8,0,21.5,16.8,5.7,69.9
2020-09-11,22.4,19.2,27.1,1.2,2.8,47,72.6,4.5,22.7,16.9,6.9,61.1
2020-09-10,22.8,18.8,27,3.9,2,49,75.8,9,24.4,17.1,10.8,69.2
2020-09-09,21.1,19,25.3,1.3,2.1,65,83.4,3.1,22.2,16.1,12.1,54.9
2020-09-08,23.4,20.6,26.5,0,4.2,50,71.5,9.5,23.1,17.6,0,63
2020-09-07,19.2,17.5,20.6,61,4.2,84,93.5,0,20.1,16.4,61,68.8
2020-09-06,21.7,19.5,24.4,6.4,2.7,62,80,0,22.7,17.1,67.4,68.8
2020-09-05,23.3,19.2,27.3,0,2,53,66.6,3.3,23.4,15.7,0,71.4
2020-09-04,23.3,19.9,27.5,0,2.7,39,63.9,10.1,23.7,15.3,0,72.8
2020-09-03,22.7,20,25.6,29.8,4.8,63,82,2.8,24,17.9,29.8,82.5
2020-09-02,24.3,22.6,26.4,33.3,2.3,79,91.3,0,25.3,21.8,63.1,81.6
2020-09-01,26.6,23.8,29.5,0,1.9,62,72.4,1,27,21.8,0,92
2020-08-31,26.4,23.8,30,0,2.8,67,77.9,1.9,27.2,21.9,0,87.3
2020-08-30,26.8,24.4,30.6,42.5,2.1,74,88.8,2.4,28.1,22.6,42.5,90.2
2020-08-29,26.8,25.5,29,13.6,1.3,77,90.1,1.7,28.7,23.5,56.1,86.5
2020-08-28,27.3,26,29.7,13.6,1.6,77,89.1,2,28.1,24.3,69.7,100.6
2020-08-27,27.1,25.6,28.6,8.7,3.6,70,84.6,0.5,27.2,23.6,78.4,106.8
2020-08-26,30.2,27,34.5,0.6,3.4,53,68.3,7.5,29.3,23.6,79,89.8
2020-08-25,29.9,26,34.5,0,2.1,49,69.5,7.6,30.5,22.7,0,77.2
2020-08-24,27.8,23.7,32,0,2.2,54,71.6,8.8,28.6,20.9,0,80.6
2020-08-23,25.3,21.5,29.9,0,1.9,59,78.4,6.8,27.2,19.7,0,85.2
2020-08-22,24.3,21.7,27.6,42.6,2.1,78,87.4,0.6,25.2,20.1,42.6,91.2
2020-08-21,26.6,25.2,29.2,2.5,1.6,75,83.1,0.8,27.6,22.4,45.1,85
2020-08-20,27.7,25,31.7,0,1.7,58,76,3.1,27.6,21.8,0,86.7
2020-08-19,27.1,23.6,31.4,0,2,61,76.8,9.4,28.6,20.2,0,94.8
2020-08-18,27.5,24,31.9,0,1.6,56,76.3,7.9,29.1,20.8,0,86.3
2020-08-17,28.2,26.1,32.2,0,2.3,61,77.9,5.8,29,22.1,0,80.5
2020-08-16,27.4,25.3,30.8,0,3,66,82.6,2.4,27.9,23.7,0,84.9
2020-08-15,26.1,25,27,69,1.9,92,96,0,25.9,18.7,69,89.2
2020-08-14,27.1,26.5,28,0.4,3.5,81,86.1,0,26.3,24.9,69.4,85.6
2020-08-13,28,26.3,30.3,0,2.5,74,82.4,0.2,27.4,24.4,0,82
2020-08-12,27.2,23.5,31.3,0,1.9,68,83.9,2.1,28.3,21.5,0,83
2020-08-11,24.6,22.4,27.3,97,2.2,79,92.5,0.5,25.2,21.5,97,75.2
2020-08-10,26.5,24.7,29.5,44.6,2,78,91.6,0.2,26.4,23.6,141.6,72.6
2020-08-09,24.9,23.7,25.8,50.3,2.6,89,95.4,0,24.3,23.1,191.9,74.9
2020-08-08,24.2,22.7,26.1,19.1,2.3,77,89.5,1.8,24.9,20.6,211,71.9
2020-08-07,24.3,22.6,26.1,0,1.8,71,85.3,0,24.8,20.6,0,82.1
2020-08-06,24.1,22.9,26,75.7,3.3,83,92.8,0.2,24.8,21.1,75.7,84.4
2020-08-05,26.5,25.5,29.1,18.5,1.9,81,92.1,0.1,26.7,24.3,94.2,75.6
2020-08-04,27,25,29.4,3.9,3.5,77,89.3,0.4,26.9,24.3,98.1,76
2020-08-03,25,23.9,26.3,102.6,3,89,96.3,0,25.1,22.8,200.7,80.6
2020-08-02,24.9,23.5,26.4,31.4,2.3,90,96.3,0,25.2,22.8,232.1,81
2020-08-01,25.3,24.3,26.9,39.1,1.7,82,90.9,0,25.7,23.1,271.2,76.8
2020-07-31,26.2,22.8,29.6,1.5,2,69,81.9,5,27.2,21.1,272.7,70.5
2020-07-30,25.3,23.4,28.4,0.1,2.1,68,85.5,3,26.9,20.6,272.8,73.1
2020-07-29,23.7,22.6,24.9,50.1,2,89,95.8,0,23.9,21.6,322.9,72.7
2020-07-28,24.4,22.7,26.4,0.4,2,71,84.8,0,25,21.1,323.3,77.3
2020-07-27,24.3,22.9,25.5,2.2,2.2,80,86.4,0,25.2,21.4,325.5,72.7
2020-07-26,25.4,21.6,29.6,0,2,56,69.3,5.6,25.6,19,0,65.9
2020-07-25,24.3,22.3,29,0,3.1,56,69.3,1.9,23.9,20.1,0,61.1
2020-07-24,22.5,18.7,26.8,2.9,4.6,61,74.3,1,21.2,17.3,2.9,70.4
2020-07-23,21.1,18.5,22.6,103.1,3.6,89,95.5,0,21.8,17.3,106,75.6
2020-07-22,23.7,22.6,25.7,11.5,1.6,81,89.3,0,24,20.2,117.5,70.8
2020-07-21,25,21.4,30.5,0,1.6,51,77,4,25.6,18.5,0,76.3
2020-07-20,23.8,22.4,26.6,3.6,3.7,77,86.3,0,23.8,20.8,3.6,81.3
2020-07-19,24,20.6,26.6,29.1,2.7,62,81.6,0,22.9,19.5,32.7,79.9
2020-07-18,26.1,22.8,31,0,1.6,54,71.6,4.3,27.9,20.4,0,75.6
2020-07-17,26,21.5,31.6,0,1.9,52,72,7.5,28.3,18.3,0,69.4
2020-07-16,25,20.4,29.7,0,1.8,55,70.9,10.2,27.4,17,0,59.1
2020-07-15,23.4,18.9,28.7,0,2,40,63.1,9.3,26.4,17.6,0,19.8
2020-07-14,20.3,17.2,24.3,11.5,2.8,62,79.4,0.1,22.6,16.4,11.5,69.6
2020-07-13,18.7,17.7,21.7,47.6,4,86,94.8,0,20.1,17,59.1,79
2020-07-12,23.5,21.7,26,2.9,2.4,58,71.9,0,25.3,19.9,62,73.5
2020-07-11,25.8,22.2,30.2,0,2.6,49,62.6,6.6,29.7,19.8,0,86.7
2020-07-10,24.5,22.7,27.7,2.2,2.8,60,75,3.1,25.2,19.1,2.2,77.7
2020-07-09,27.5,21.8,32.9,0,1.7,38,64.6,7.7,31.9,18.3,0,71.9
2020-07-08,25.5,21.3,30.4,0,2,52,71.9,10,30.5,17.5,0,78.1
2020-07-07,24.1,22.1,28.1,0,2.5,59,75.5,4,28.3,19.6,0,70.8
2020-07-06,25.6,21.8,30.9,0,2.1,46,66.6,5,28.5,18.1,0,72.3
2020-07-05,23.8,19.9,27.6,0,1.9,52,68.6,6.4,26.7,15.5,0,19.1
2020-07-04,24.2,20.4,29.5,1.6,2.1,39,63.9,9.5,28.2,18.4,1.6,72.3
2020-07-03,25.5,21.6,30.6,0.1,2.6,34,63.5,9.6,28.6,18.4,1.7,61
2020-07-02,24.2,20.4,29.8,0,1.9,51,74.5,5.4,24.5,16.5,0,57.7
2020-07-01,21.1,18.1,24.3,0,1.9,67,79.3,0.2,21.3,15.8,0,71.2
2020-06-30,20.1,18.4,23.1,64.7,4,63,83,0,20.8,16.2,64.7,76.4
2020-06-29,23.8,20.6,26.5,11.9,2.4,64,77,1.7,23.9,16.9,76.6,71.9
2020-06-28,25.2,21.5,30.1,0,2.4,49,70.5,12.4,28.6,18.4,0,63.4
2020-06-27,24.1,20.4,29.6,0,2,52,70.4,7.4,25.2,18.8,0,62.7
2020-06-26,21.8,19.2,25.7,2.1,3.2,63,82.1,3.1,22.9,18.5,2.1,65.2
2020-06-25,21.6,20.1,23.4,13.3,2.2,79,91,0.1,23,19.3,15.4,85.8
2020-06-24,22.3,19.9,26.3,37.6,2.7,55,83.5,0,22.7,18.9,53,92.2
2020-06-23,27.3,23.2,31,0,1.9,42,53.5,5.1,32.1,19.1,0,80.5
2020-06-22,28.6,21.7,35.4,0,2,26,50.5,13.3,36.3,16.1,0,75.2
2020-06-21,26.1,19.5,32.7,0,2,39,59.5,13.5,34.1,15.6,0,74.4
2020-06-20,24.9,20.7,29.7,0,2.1,48,62.6,11.7,31.9,15.4,0,69.2
2020-06-19,24.7,21.1,30,0.1,2.1,45,61.4,6,29.6,18.7,0.1,72.7
2020-06-18,23.4,20.3,27.3,0,1.6,47,61.4,0.1,26.7,17.1,0,73.1
2020-06-17,24.3,20.2,30.3,0,2,37,58.6,5.9,31.1,14.9,0,67.7
2020-06-16,24.4,20,30.7,0,2.2,37,63,7.5,32.2,17.4,0,71.7
2020-06-15,23,18.2,28.6,0,2.8,31,62.3,10.1,31.1,13.6,0,83.9
2020-06-14,24,20.1,28.8,1.1,2.9,41,70.6,8.1,29.6,16.9,1.1,75.4
2020-06-13,26.9,20.6,33.5,0,1.9,27,52.8,9.7,34.6,16.2,0,80.3
2020-06-12,24.7,21.6,27.6,0,1.7,49,68.6,0.5,25.8,16.8,0,79
2020-06-11,26.1,21.7,31.6,0,2.2,38,68.3,8,30.1,19.3,0,83
2020-06-10,25.8,22.5,32.1,6.2,2,41,63.8,5.2,32.8,17.4,6.2,75.6
2020-06-09,26.7,20.3,32.8,0,2.3,34,51.6,12.9,34.1,15.8,0,67.9
2020-06-08,25,19.8,32,0,2.1,40,63.6,11.3,32.7,17.2,0,76.2
2020-06-07,22.7,19.2,29.2,0,2.3,44,69.4,9.2,30.2,16.3,0,67.7
2020-06-06,24.6,19.2,30.9,0,2,38,63.6,8.6,31.4,14.9,0,63.9
2020-06-05,23,18.4,28.7,0,1.8,45,69.4,8.8,29.8,15,0,64.9
2020-06-04,21.9,19.7,26.5,0.2,2.7,57,81.1,4.7,26.8,17.9,0.2,51.1
2020-06-03,22,17.6,28.4,0,2.4,47,73.3,9.5,27.1,14.6,0,56.5
2020-06-02,17.9,14.8,21.8,2,2.2,43,71,0.2,18.3,9.9,2,61.4
2020-06-01,19.7,16.6,24.5,0.4,3.4,37,64.3,11.5,26.6,13,2.4,66.5
2020-05-31,21.2,17.6,28,1,2.3,39,63,5,25.7,13.8,3.4,59.7
2020-05-30,22.6,16.5,30,0,1.9,29,57.3,11.3,27.6,12.4,0,54.8
2020-05-29,20.7,14.6,27.6,0,2,38,65.6,12.7,24.3,9.8,0,49.9
2020-05-28,18.7,14.2,23.4,0,1.9,38,62.8,8.4,20.5,8.7,0,46.6
2020-05-27,17.4,11.8,23.9,0,2.6,31,68.5,13.2,21.4,8.1,0,47.6
2020-05-26,16.2,12.7,22.9,1.5,2.1,47,81.9,4.8,19.2,9.3,1.5,48.9
2020-05-25,16.6,13.7,21.3,0,2.1,62,81,2.5,20.3,10.1,0,57.7
2020-05-24,17.1,14.3,20.2,14.5,2.9,70,84.8,1.1,19,11.6,14.5,52.9
2020-05-23,20.1,16.6,25,0,2.2,44,66.1,6.8,23.3,12.6,0,49.7
2020-05-22,18.5,14.8,22.7,0,1.9,55,68.5,0.7,20,9.5,0,42.2
2020-05-21,17.4,10.9,22.9,0,2.1,40,56.1,9.4,20.5,6.8,0,39
2020-05-20,14.4,9.2,20.1,0,1.9,46,60.4,4.5,17.3,5.5,0,54.6
2020-05-19,13,10.1,17.1,19,3.2,52,73.6,3,16.1,6.9,19,54.6
2020-05-18,19.1,13.2,26.8,29.8,2.4,46,79.4,3.2,21.6,12.2,48.8,47.9
2020-05-17,19.1,14.6,24.9,0,1.7,58,80.1,3.9,21.2,14.1,0,46.3
2020-05-16,16.7,15,20.3,2.5,1.6,74,90.3,0.6,18.3,12.8,2.5,55.2
2020-05-15,16.1,14.1,20.2,12,3,34,81.4,0,15.9,13.6,14.5,46.3
2020-05-14,19.3,12.4,25.4,0,2,20,35.4,6.6,21.8,7.4,0,19.1
2020-05-13,16.1,10.2,21.8,0,2.8,24,47.3,13,20.5,3.9,0,47.3
2020-05-12,14.3,10.5,18.9,0.7,2.9,47,69.4,5,17.6,5.8,0.7,42.2
2020-05-11,16.5,12.4,22,3.4,3,27,61,7.2,20.2,9.8,4.1,41.7
2020-05-10,14.4,12.8,16.6,1.3,2.5,78,88.6,0.4,15.7,12.2,5.4,57.1
2020-05-09,14.2,12.7,16.8,24.4,3.6,76,94.4,0,15.1,11.9,29.8,59.7
2020-05-08,19.9,14.3,27.3,2.3,2.4,11,32.8,7.5,27.3,11.7,32.1,55.5
2020-05-07,20.7,14.9,26.5,0,2.5,20,32.5,8.7,25.7,11.6,0,19.1
2020-05-06,19.4,11.1,27.6,0,2.1,19,50,12.8,26.5,3.9,0,58
2020-05-05,16,13.1,19.3,0,1.9,54,67.9,3.3,17.1,5.9,0,63.4
2020-05-04,20.2,14.8,25.3,0,2.7,44,63.9,10.1,28.9,10.8,0,58.4
2020-05-03,21.8,17,27.4,0,2,46,68.8,5.9,26.7,12.3,0,58
2020-05-02,20.3,18,23.9,0,2.3,62,79.6,0.2,22.7,15.1,0,48.9
2020-05-01,20.2,16.4,26.2,0,2.7,54,73.6,6.1,25.7,13.7,0,43.4
2019-10-31,14.8,8.4,19.7,0,2.3,55,73.8,8,14.2,3.6,0,3.4
2019-10-30,11.2,5,17.7,0,1.6,37,60.3,9.6,11.2,-0.3,0,3.6
2019-10-29,12.5,8.2,17.6,0.1,2.3,32,61,9,12.4,3.1,0.1,3.9
2019-10-28,12.9,7.4,17.7,1.7,2.5,39,65.9,7.3,13,2,1.8,3.9
2019-10-27,11,4.7,17.4,0,1.6,34,59,9.8,12,-0.5,0,7.2
2019-10-26,10,6.6,14.9,0,2.5,39,60,8.7,12.6,2.9,0,18
2019-10-25,16.7,13.1,22,0,2.4,34,58,7.1,17.2,6.6,0,17.9
2019-10-24,18.3,15.3,23.8,0,2.7,33,47.6,6.6,19.4,8.8,0,17.3
2019-10-23,17,14.3,20.7,0,2.4,42,57.3,0.7,17.3,8.3,0,12.1
2019-10-22,18.1,13.3,24.4,0,1.6,35,56.1,9.1,18.3,8.1,0,11
2019-10-21,17.1,10.9,24.6,0,1,28,61,9.6,15.9,5.1,0,10.7
2019-10-20,16.5,12,22.9,0,1.3,38,70.3,9.3,18.1,6.3,0,10.8
2019-10-19,17,12.1,23.1,0,1.8,38,63.8,10.2,17.5,6.4,0,11
2019-10-18,17,12,22.7,0,2.4,43,58.3,8,17.4,7.2,0,11.3
2019-10-17,15.4,11.2,21.6,0,1.7,31,56,7.4,17.2,6.4,0,11.1
2019-10-16,14.6,9,20.8,0,1.6,32,58.3,9.8,16.3,4,0,8.4
2019-10-15,14.5,8.8,20.4,0,1.6,38,55.6,7.7,14.5,3.6,0,8.5
2019-10-14,14.4,9.5,19.6,0,2.5,33,56.9,10.1,17.1,4,0,8.5
2019-10-13,17.2,12.1,23.8,0,1.9,32,52.6,10.6,17.8,7.2,0,8.7
2019-10-12,17.9,13.3,23.3,0,3.5,34,49.3,10.5,18.2,7.9,0,8.8
2019-10-11,18.8,13,26.1,0,1.9,30,60,10.3,18.4,8.6,0,9.1
2019-10-10,15.2,10.7,19.8,0,1.3,39,60.9,1.1,16,5.3,0,10
2019-10-09,13.6,7.7,20.4,0,1.7,23,48.3,10.6,14.1,2.5,0,19.2
2019-10-08,14.7,10.6,19.8,0,2.6,26,58.8,10.3,16.7,4.7,0,41.7
2019-10-07,14.8,13.3,17.9,25.4,1.8,58,92,0,16.7,10.3,25.4,58.2
2019-10-06,18.1,13.2,22.7,0,2.9,38,53.4,9.4,19.1,10.6,0,73.8
2019-10-05,18.7,14.7,21.9,0.6,2.9,59,72.6,2.3,20.8,12.2,0.6,93.1
2019-10-04,22.4,18,27.8,0,2.1,50,71.5,9.9,22.9,14.7,0,93
2019-10-03,22.4,19.8,27.3,4.6,2.8,45,73.4,6,22.6,15.9,4.6,87.4
2019-10-02,21.6,20,24.2,23.1,3,66,88,0,22.2,18.4,27.7,79.8
2019-10-01,23.1,17.6,28.2,0,1.8,46,67.1,7.5,24.5,12.3,0,74.8
2019-09-30,22.4,16.4,29.9,0,1.6,29,61,10.5,24.3,10.3,0,56
2019-09-29,22.6,17.9,28.6,0,1.7,28,60.6,11.1,24.7,11.3,0,52.5
2019-09-28,23.7,19.4,29.2,0,1.7,35,58.9,10.1,25.8,14.4,0,47.3
2019-09-27,22.9,19.6,27,0,1.9,35,57.5,3.5,24.4,14.4,0,40.7
2019-09-26,22.9,17.7,29,0,1.9,31,59.3,8.1,25.1,13,0,37.5
2019-09-25,20.9,14.8,27.4,0,1.4,34,64.4,8.8,23.4,9.5,0,36.2
2019-09-24,19.8,13.9,26.5,0,1.8,31,61.3,11.4,23,8.8,0,40.9
2019-09-23,20,16.9,24.6,0,2.2,33,51.1,9,20.2,10.2,0,43.9
2019-09-22,18.6,17.3,19.6,0.4,3.8,54,63.4,0,18.5,14.4,0.4,48.9
2019-09-21,19.6,18.3,22.1,0,2,48,60.3,0,20.8,15.9,0,53.5
2019-09-20,19.6,15.8,24.2,0,2.1,39,52.8,1.3,21.5,9.6,0,59.2
2019-09-19,19.5,13.6,26,0,1.9,32,46.5,10.2,23.3,8,0,53.9
2019-09-18,21,16,25.4,0,3.1,27,46,11.7,25.4,9.4,0,52.2
2019-09-17,23.5,18,29,0,2.1,24,41.6,10.6,25.4,13.9,0,55.1
2019-09-16,24.5,20.7,30.5,0,2.1,28,53,9.4,27.4,14.6,0,54.9
2019-09-15,24.2,19.5,30,0,1.7,40,70.4,10.6,25.2,15.9,0,54.5
2019-09-14,22.4,20.8,24.1,0.3,1.2,61,80,0.2,22.9,17.4,0.3,55.4
2019-09-13,23.3,18.3,29.3,0.1,1.7,34,60.4,10.9,24.4,17.2,0.4,52.9
2019-09-12,21,18.7,22.9,3.9,2.6,56,72.3,0,21.9,17.3,4.3,60.5
2019-09-11,24.3,20.4,28.7,7.6,3.1,54,71.4,6.9,24.9,19.7,11.9,61.5
2019-09-10,23.8,22.1,26.5,63.2,2.4,73,93.4,1,24.4,21.5,75.1,58.5
2019-09-09,25.1,22.4,28,0,1.7,55,74.3,2,25.2,20.6,0,51.9
2019-09-08,24.7,22.9,27.3,0,1.9,62,76.9,1.4,25.1,21.1,0,58.8
2019-09-07,25.7,22.6,29.5,2.8,6,58,72.9,0,24.1,21.5,2.8,57.5
2019-09-06,25.3,21.6,29.1,2.4,2.1,63,79.8,0.4,25.5,20.6,5.2,55.8
2019-09-05,23,21.5,27.6,36.4,2,66,91.4,1.5,23.7,20.4,41.6,55.6
2019-09-04,22.8,21.2,25.5,22.7,2.5,73,89,1.1,23.5,20.1,64.3,58.8
2019-09-03,24.1,22,28,0,2.3,50,67.6,2.9,26.3,19,0,59.8
2019-09-02,24.4,19.4,29.7,0,1.6,34,56.6,7.4,24.8,15.9,0,62.4
2019-09-01,23.7,19.2,27.8,0,1.4,37,64,6.9,23.8,15.9,0,62.4
2019-08-31,23.5,18.5,28.9,0,1.9,38,65,12.1,25,15,0,44.1
2019-08-30,22.6,19.5,27,0.2,2.4,42,66.3,8.8,24.1,15.8,0.2,46.6
2019-08-29,23.4,20.1,26.4,36.9,2.2,54,77.1,4.9,25.9,17.9,37.1,40
2019-08-27,25.7,22.2,29.3,20,1,44,71.1,5.6,26.4,20.7,20,31.6
2019-08-26,26.4,21.5,32.1,0,1.2,34,63.8,9.2,31.5,17.9,0,33.1
2019-08-25,25,20.2,29.9,0,1.5,43,66.6,9.9,30.9,16.2,0,42.2
2019-08-24,24.1,21.5,27.3,0,1.5,46,60.9,3,26.7,16.6,0,38
2019-08-23,26.2,22.7,30.5,0,2.1,28,58.4,12,31.7,18.4,0,37.8
2019-08-22,26.9,23,31.4,0,1.7,36,66.5,10.7,31.5,20,0,38.2
2019-08-21,27,24.4,30.4,1.3,1.2,49,67.3,3.2,29.2,21.3,1.3,30.1
2019-08-20,28.2,23.2,32.8,0,1.5,39,56.3,10.5,30.2,20.5,0,25.2
2019-08-19,26.3,21.2,31.3,0,1.1,35,60.6,11.1,27.2,17.6,0,34.5
2019-08-18,25.6,22.6,30.7,0,1.7,37,66.5,10.7,28.1,19,0,25.4
2019-08-17,25.9,23.4,28.8,0,2.5,45,69.5,8.1,26.9,20.3,0,23.2
2019-08-16,25.9,23,29.5,0.1,2.2,59,74.5,7.5,27.3,21.6,0.1,20.1
2019-08-15,25.9,23.9,28.6,16.2,1.3,61,82,0.1,27,22.4,16.3,15.5
2019-08-14,30.4,25.9,35.7,0,1.5,42,63.9,9.2,30.5,23.8,0,17.9
2019-08-13,29.2,25.1,35.3,6.4,1.5,43,76.9,7.3,30.7,24.4,6.4,17.9
2019-08-12,26.6,24.8,28.5,56.2,1.3,79,91.8,0.3,26.8,23.2,62.6,13.1
2019-08-11,30.4,26.3,35.7,6.7,2.5,34,53.6,9.8,33.2,23.4,69.3,13.9
2019-08-10,31.5,26.6,36.5,0,1.5,40,57.9,11.6,33.1,24.4,0,0
2019-08-09,29.8,26,34.6,0,1.3,46,69,10.8,30.3,23.5,0,0
2019-08-08,28.9,25.9,32.7,0,1.6,52,71.4,7.5,29.7,23.5,0,0
2019-08-07,26.9,23.9,30.3,8,1.2,51,78.1,1.9,27.5,23,8,0
2019-08-06,31.6,27.9,36.8,0,1.5,31,51.4,9.9,31.7,24.8,0,0
2019-08-05,30.5,25.6,35.9,0,1.1,38,65.5,11.2,30.5,23.1,0,0
2019-08-04,28.3,25,34.4,8.6,1.2,48,75.9,8.6,29.6,22.8,8.6,0
2019-08-03,29.4,25.6,36,3,1.3,39,69,10.6,30.5,22.6,11.6,43.4
2019-08-02,28.4,24.7,33.1,0,1.2,48,74.6,8.3,28.8,22.1,0,59.2
2019-08-01,26.3,23.5,30.1,26.9,1.7,66,86.4,4.9,26.7,22.8,26.9,56.9
2019-07-31,25.8,24,27.5,62.3,2.2,79,91.1,0,25.7,23.3,89.2,99.5
2019-07-30,28.1,26.3,30.8,1.2,3.4,64,75.3,1.6,27.2,24.3,90.4,100
2019-07-29,27.5,25.6,30,0.5,2.6,63,74.5,2.6,27.5,24,90.9,99
2019-07-28,26.1,25,28.2,25.6,2.2,77,88.3,0,26.4,24.1,116.5,97.7
2019-07-27,28.4,24.9,33.4,0.6,1.3,48,76.6,4.7,29.6,24.1,117.1,96.5
2019-07-26,25.1,23.7,25.9,60,1.7,91,95.3,0,25.4,23.2,177.1,100
2019-07-25,26.3,25.6,27.4,9.7,1.2,79,90.1,0,26.6,24.7,186.8,100
2019-07-24,26.5,25.2,27.2,1,1.6,75,82.3,0,26.5,24,187.8,100
2019-07-23,28.1,24.4,32.9,0,1.7,48,70.8,4,29.3,20.9,0,94.4
2019-07-22,26.7,24.2,31,0.1,2.2,54,74.6,6.1,26.9,22.5,0.1,90.3
2019-07-21,25.1,24.2,27,6.2,2.2,74,87.1,0.6,26.6,23.3,6.3,90.6
2019-07-20,28,25.1,31.9,1.1,2.1,50,66.9,1.2,28.4,22.9,7.4,87.2
2019-07-19,28.6,22.8,35,0,1.5,37,61.3,9.8,30.9,19.2,0,76.5
2019-07-18,26.9,23.3,32.1,0,1.2,41,65,3.2,26.5,20.6,0,71.6
2019-07-17,25.6,22.3,29.2,0.7,1.2,54,73.9,1,26.4,19.8,0.7,70.6
2019-07-16,24.7,21.4,28.8,6.3,1.3,52,79,4,25.7,20.7,7,70.5
2019-07-15,23.8,22.1,27.4,7.7,1.1,59,80,0.1,24.6,18.2,14.7,70.2
2019-07-14,25.9,21.2,31.6,0,1.6,38,64.6,7.8,29.4,17.8,0,69.2
2019-07-13,24.9,22.1,29.7,0,1.7,43,67.3,4.1,28.3,19.1,0,72.6
2019-07-12,23.6,20,28.7,0,2,44,65.5,7,26.1,19.1,0,71.4
2019-07-11,21.9,19.5,25.9,2.9,1.3,58,76.9,0,23.2,18.5,2.9,73.1
2019-07-10,22.7,19.3,27.3,8.5,2,41,64.1,3.1,26.8,18.4,11.4,78
2019-07-09,25,19.7,30,0,1.8,32,46.4,7.7,29.8,15.7,0,80.8
2019-07-08,25.1,21.2,31,0,2,32,46.6,9.3,32.9,19.8,0,80.8
2019-07-07,26.7,22.7,32.5,0,2.2,28,43.3,9.8,33.8,21,0,77.8
2019-07-06,29.7,24.6,36.1,0,1.7,24,40.9,11.8,37.1,19.2,0,71.6
2019-07-05,27.6,20.2,35,0,1.5,24,42.1,11.8,32,13.6,0,71.4
2019-07-04,25.4,20,32.8,0,1.9,27,59.6,12.7,32.8,14.6,0,71.4
2019-07-03,24.1,21.2,27.4,0,1.7,46,64.6,3.3,26.9,15.9,0,71.6
2019-07-02,24.4,20.8,30.1,0,2.3,33,63.5,11.9,30,17.7,0,70.8
2019-07-01,23.9,20.6,28.9,0,2.3,36,64.4,10.9,29.6,17.5,0,71.4
2019-06-30,23.9,20.9,28.5,0,2.3,47,73.5,5.2,28.3,16.6,0,100
2019-06-29,23.1,19.6,27.7,1.5,1.2,44,72,4.1,24.4,18,1.5,100
2019-06-28,24.7,22.3,29,0,1.7,49,67.3,2.4,29.6,18.5,0,99.4
2019-06-27,25.5,21.9,31.2,1.4,1.4,39,70.5,3.9,29.5,20.2,1.4,85
2019-06-19,21.4,18.9,25.4,0.2,1.9,55,77.8,0.9,23,18.1,0.2,45.7
2019-06-18,20.8,17,24.8,13.8,1.5,54,78.6,2,22.5,14.7,14,41.9
2019-06-17,21.7,18.1,26.2,0,2.3,35,59.1,12.7,28.2,15.5,0,59.6
2019-06-16,22,16.1,27.2,0,1.6,34,55.4,11.1,24.7,12.4,0,37.3
2019-06-15,21.9,17.9,27.4,2.1,2.4,37,61.5,12.2,26,13,2.1,40.2
2019-06-14,23,19.1,28.4,0,1.8,30,54.8,6.1,27,15.6,0,44.9
2019-06-13,23,16.6,28.8,0,1.7,33,51.9,12.3,27.2,11.5,0,46.4
2019-06-12,21.5,16.1,26.4,0,1.8,40,57.1,13,24.4,11.7,0,34.1
2019-06-11,20.5,15.5,26.1,0,1.4,32,51.1,10.7,21.9,13.5,0,40.7
2019-06-10,18.4,15.7,21.9,9.5,1.6,49,70.3,0.6,19.7,14.9,9.5,47.3
2019-06-09,21.6,17.1,26.5,2.5,1.8,47,66.1,4.2,23.7,15.2,12,43.9
2019-06-08,21.9,16,27.6,0,1.4,28,57.5,9.3,22.8,12.3,0,36.7
2019-06-07,20,17,24.7,35.3,1.9,50,77.3,3.7,21,13.6,35.3,40
2019-06-06,21.2,18.6,25.1,7.5,1.2,56,75.9,0,22.4,13.3,42.8,43.6
2019-06-05,23,17.8,29.6,0,1.8,38,63.8,8.9,31.4,13.1,0,51.4
2019-06-04,22.6,17.6,29,0,2.2,34,56.4,12.8,29.9,11.2,0,58.5
2019-06-03,23.1,16,29.5,0,1.8,27,42.9,12.3,30.1,9.7,0,63.8
2019-06-02,21.1,14.1,27.8,0,1.7,22,42.1,13,27.8,7.3,0,59.5
2019-06-01,18.9,14.8,23.7,0,1.9,40,60.5,9.4,24.8,8.8,0,57.2
2019-05-31,19.1,16.1,23.3,0,2.8,35,49.6,12.3,26.5,12.4,0,67.2
2019-05-30,19.6,14.6,24.5,0,2.4,31,48,7,23.8,8,0,36.5
2019-05-29,20.3,13.3,26.5,0,2,21,48.4,13.3,26.2,8.1,0,22.1
2019-05-28,18.1,11.9,24.6,0,2.6,20,45.9,13,21.8,7.2,0,21.7
2019-05-27,17.8,14.3,22.3,7.1,2.4,42,80.9,0,18.2,10.2,7.1,21
2019-05-26,24.5,18.6,31.1,0,1.8,21,39,11,30.5,13,0,27.9
2019-05-25,23.4,18.4,28.6,0,1.6,15,45.6,7.1,26.7,13,0,52.8
2019-05-24,24.2,16.2,33.4,0,1.7,27,46.4,12.7,30.6,10.8,0,64.7
2019-05-23,22.1,15,29.2,0,1.7,16,45,13.2,28.5,9.7,0,64.4
2019-05-22,19.5,12.3,26.5,0,2.4,19,46,12.6,25.1,7.4,0,22.8
2019-05-21,17.2,11.7,23.8,0,2.9,22,52,13.1,21.8,8.4,0,29.4
2019-05-20,16.4,13,20.2,8.7,3.4,33,63.6,10.5,18.6,10.1,8.7,25.6
2019-05-19,19.4,17.9,21.6,22,1.2,55,93,0,20.4,16.6,30.7,26.6
2019-05-18,22.8,19.1,25.9,0,2.1,38,46.8,4.3,28.2,15.3,0,48.8
2019-05-17,23.6,17.6,28.3,0,1.2,31,44.9,4.2,26.1,11.7,0,35
2019-05-16,23.5,16.7,30,0,1.5,25,43.8,12.5,29.9,12.1,0,40
2019-05-15,20.7,14.8,28,0,1.7,23,48.1,8.4,26.8,10,0,19.3
2019-05-14,19.6,12.9,26.9,0,1.6,24,44.5,13,25.8,7,0,12.9
2019-05-13,18.7,15.5,22.8,0,1.6,29,43.4,1,19.2,9,0,11.9
2019-05-12,21.6,14.7,28.9,0,1.5,24,36,12,26.8,7.1,0,12.4
2019-05-11,20.3,13.2,28.3,0,1.8,22,39,12.7,26.4,6.7,0,12.7
2019-05-10,17.8,10.3,26.8,0,1.9,28,48,12.3,24.4,2.8,0,14.2
2019-05-09,16.6,11.7,22.9,0,2.2,19,43.3,12.1,23.9,5.1,0,15.8
2019-05-08,15.6,10.1,21.3,0,2.3,31,48.3,12.2,21.3,2.3,0,10.7
2019-05-07,15,8.4,21.9,0,2.3,16,33.4,12.9,22.1,-0.2,0,11.6
2019-05-06,14.5,9.8,19.8,0,3.1,12,27.1,12.8,22.8,3.5,0,10.8
2019-05-05,19.2,13.6,26.5,0,2.2,12,35.8,11.1,23.9,6.6,0,7.2
2019-05-04,19.5,12,27.4,0,1.7,18,40.4,10.7,22.3,6,0,0.7
2019-05-03,17.9,10.1,26.1,0,1.6,17,37.5,12.4,21.9,3.9,0,0.2
2019-05-02,17.1,10.6,25.3,0,2.3,14,28.5,12.7,21.3,3.7,0,0.1
2019-05-01,16.4,11.2,22.2,0,2.3,28,48.9,10.9,20.2,6.4,0,0.2
2018-10-29,7.2,3.4,11.7,0,2,37,57.3,6.5,7.5,0.5,0,3.5
2018-10-26,12.2,9.9,14.7,11,1.6,55,74.1,2.4,12.8,8,11,6.3
2018-10-22,14,8.8,20.6,0,1,29,50,7.6,15.1,5.4,0,6.4
2018-10-21,13.4,7.2,21.1,0,1.1,21,49.5,9.6,14.8,2.3,0,6.1
2018-10-19,13.1,7.2,20.4,0,1.4,28,54.3,9.9,14.9,1.8,0,3.9
2018-10-16,14.5,9.9,20.3,0,1.3,27,55.9,8.2,15.4,5.9,0,3.8
2018-10-15,15.2,10.9,21,0,1.4,40,69.9,6.8,15.7,6.2,0,3.8
2018-10-08,14.8,9.2,20.9,0,1.1,21,47,10.5,14.1,4.5,0,15.5
2018-10-07,16.4,12.3,21.1,0,1.7,29,53.5,10.5,16.2,6.3,0,15.8
2018-10-06,18,16.3,21.7,55.5,2.2,56,84,3,18.8,12.2,55.5,16.3
2018-10-05,16.9,15.7,19,36.5,1.7,55,84.1,0,17,14.3,92,16.7
2018-10-04,19.3,13,25.6,0,1.3,34,56.5,8.9,20.7,7.6,0,16.8
2018-10-03,17.3,11.2,24.2,0,1.3,33,58,10.6,19.8,5.9,0,17.2
2018-10-02,15.9,10.3,22,0,1.6,35,61.4,10.8,19.4,5,0,19.1
2018-10-01,15.4,13,19.7,0,2.9,32,55.1,7.9,19,9.4,0,19.7
2018-09-30,17.6,14,21.6,0,2.3,27,52.5,10.4,21.2,10.4,0,52.6
2018-09-29,20.2,14.6,27,0,1,31,55.5,10.8,21.9,11.2,0,53.9
2018-09-28,17.5,14.3,22.2,0,1.2,45,58.1,3.5,18.6,11.7,0,51.9
2018-09-27,18.9,13.2,25,0,1.3,28,47.6,10.3,20,9.6,0,51.9
2018-09-26,19.4,16.2,24.8,0,1.7,32,47.9,8.4,21.8,13.6,0,56.9
2018-09-25,17.8,10.8,24.3,0,1.1,23,48,10,19.8,6.8,0,42.2
2018-09-24,17.6,14.2,22.1,0,2.1,27,48.3,11,19.3,8.9,0,39.2
2018-09-23,19.4,15.6,25.3,0,1.6,27,52.9,7.4,19.9,11.2,0,36.3
2018-09-22,20.8,17.2,25.5,6.5,1.8,24,62.3,10.8,21.1,11.8,6.5,40.5
2018-09-21,19.4,17.6,21.9,18,1.3,72,85.8,0.6,20.8,15.8,24.5,44.7
2018-09-20,19,17.8,20.1,5,1.8,57,82.4,0,19.8,16.8,29.5,51.6
2018-09-19,22.1,18.9,26.6,0.2,1,34,59.1,2.1,24.4,14.5,29.7,52
2018-09-18,22,17.7,26.5,0,1.2,33,59.8,7.9,25.5,13.5,0,50.9
2018-09-17,22.3,18.5,27.7,0.1,1.9,32,64.3,10.8,25.8,14.2,0.1,51.8
2018-09-16,22.2,21,23.9,2,1.7,58,83.6,0,23.2,19,2.1,54.3
2018-09-15,23.3,21,26,0.2,1,61,76,0.8,24,19.2,2.3,52.2
2018-09-14,23.5,20.3,26.8,0.5,1.3,51,66.9,1.6,25.4,17,2.8,48.9
2018-09-13,23.5,20.3,28.3,0,1.2,45,63.5,5,27.2,17.8,0,51.5
2018-09-12,22.8,16.8,28.2,0,1.4,39,52,11.3,26.8,13.3,0,51.7
2018-09-11,21.6,16.8,26.1,0,1.5,37,48.1,8.4,24.5,13.9,0,53
2018-09-10,22.9,18.6,28.4,0,1.6,33,49.5,10.3,26.2,15.1,0,54.4
2018-09-09,22.2,15.6,28.9,0,1.2,26,49,9.9,26.4,11.7,0,54.6
2018-09-08,21.7,15.9,27.7,0,1.7,29,48.8,11.7,24.5,11.9,0,58.1
2018-09-07,22,19.1,25.5,0.5,2.5,32,54.6,10.9,23.3,14.8,0.5,63.2
2018-09-06,24.1,20.9,28.2,1,2,42,69.9,2.2,24.7,17.6,1.5,61.7
2018-09-05,24,19.6,28.5,0,2.5,36,63.5,11.8,24.8,15.9,0,66.4
2018-09-04,23.2,20,27.8,0,2.2,43,69.4,11,24,17,0,64.6
2018-09-03,23.3,21.4,25.8,34.5,1,67,85.3,0,24.3,20.1,34.5,59.9
2018-09-02,25.1,20.1,29.6,0,1.5,38,55.8,9.2,28.4,16.8,0,52.7
2018-09-01,25.5,20.8,30.9,0,1.3,38,59.4,10.6,26.5,18.2,0,50.9
2018-08-31,25.6,22.8,30.3,0.1,1.6,40,67.4,10.1,27.2,19.2,0.1,51.4
2018-08-30,25.3,23.9,28.2,9.5,1.8,62,80.9,1.9,25.8,20.8,9.6,47.9
2018-08-29,25.2,22.7,27.4,42,2.4,72,86,0.1,24.8,22.1,51.6,39.7
2018-08-28,23.7,22.5,26.1,96.5,0.9,72,92.4,0,24.4,20.8,148.1,35.1
2018-08-27,22.7,20.2,24.9,19.5,0.8,82,91,0,24.4,19.3,167.6,23.7
2018-08-26,23.2,20.3,29,2,1.2,41,70,5.1,24.3,16.1,169.6,35
2018-08-25,25.2,22.7,29.3,0,2.6,50,68,7.2,25.6,19.1,0,25.7
2018-08-24,24.4,23.2,26.3,7.5,2.5,73,86.3,0,24.7,20.9,7.5,19.7
2018-08-23,29.4,25.7,32.2,3,1.7,48,59.1,1.7,31.5,23.3,10.5,19.6
2018-08-22,30.7,23.4,37.6,0,1.1,34,54.1,10.5,34.6,20,0,16.2
2018-08-21,26.6,23.4,31,5,2.5,49,71.4,6.8,27,20.5,5,11.6
2018-08-20,29.1,25.1,33.3,0,2,41,55.6,6,32.7,21.9,0,10.6
2018-08-19,28.2,23,34.4,0,1.2,29,50.6,7.9,34.4,18.9,0,9.8
2018-08-18,26.7,21.5,32.1,0,1.4,28,44.6,10.9,34.1,16.8,0,9
2018-08-17,27.2,21.7,33.8,0,1.8,25,39.8,12.4,34.6,19.4,0,8.2
2018-08-16,29.9,24.1,35.6,0,1.7,36,51,11,35.5,21.7,0,9.2
2018-08-15,31.7,28.3,38,1,1.2,34,59.5,9.5,34,24.3,1,9.7
2018-08-14,31.7,27.7,37.2,0,1.3,34,58.3,9.5,34.7,24.1,0,10.3
2018-08-13,30.5,26.7,34.4,1,1.4,47,68.6,6.3,29.9,24.8,1,9.7
2018-08-12,30.6,27.2,35.3,5,1.5,39,61.3,8.4,34.7,23.5,6,10.2
2018-08-11,31,26.4,36,0,1.5,34,55.8,11.5,36.3,23.6,0,11.2
2018-08-10,30.7,25.7,36.8,0,1.4,37,60.9,11.4,32.7,23.5,0,8.8
2018-08-09,28.8,27.1,32.5,2,1.5,58,76.3,2.6,32.5,24.6,2,6.9
2018-08-08,31,27.6,35.3,0,2.1,35,64.8,10.8,35.5,24.3,0,5.3
2018-08-07,30.5,26.8,35.9,0,1.5,43,63.4,8.5,29.7,24.3,0,4.5
2018-08-06,30.5,28.3,35.3,6.5,1.6,49,71.6,7.3,31.4,25.5,6.5,5.3
2018-08-05,30,27.2,33.9,2,2.6,50,71.8,10.1,34.9,24.8,8.5,5
2018-08-04,31.1,28,34.9,0,2.4,46,60.6,12.1,37.8,25.4,0,4.9
2018-08-03,33.1,30,37.9,0,1.9,39,55.3,10.5,39.3,26.5,0,5.1
2018-08-02,33.7,30.3,37.9,0,1.6,38,54.4,9.8,36.8,26.8,0,6.4
2018-08-01,33.6,27.8,39.6,0,1.7,35,55.5,12.6,40.1,23.1,0,8.1
2018-07-31,32.6,27.8,38.3,0,1.5,32,50.5,12,38.8,24.5,0,100
2018-07-30,31.7,26.2,36.9,0,1.2,35,50.9,11,34,23.1,0,100
2018-07-29,31.3,26.4,36.7,0,1.2,32,52.4,12.3,32.2,23.4,0,100
2018-07-27,30.9,27.2,35.4,0,1.9,48,69.3,9.3,36.2,24.4,0,100
2018-07-26,30.1,27.3,33.7,0,1.5,51,68.8,4.4,32.7,24.7,0,100
2018-07-25,30.1,27.7,34.1,0,2.4,50,66.3,5.2,36.1,25,0,100
2018-07-24,31.4,27.2,36.8,0,1.6,40,59.5,10.2,35.8,22.9,0,100
2018-07-23,31.7,29.2,35.7,0,1.8,41,53.8,8,37.1,26.5,0,100
2018-07-22,31.8,25.3,38,0,1.4,30,49.6,12.2,37.3,20.2,0,100
2018-07-21,30.6,24.9,36.9,0,1.5,29,53.6,12.9,36.1,20.4,0,100
2018-07-20,29.5,24.6,34.7,0,1.5,41,62.6,12.9,35.7,20.5,0,100
2018-07-19,28.7,23.2,34.1,0,1.6,40,64.1,12.9,35.6,19.3,0,100
2018-07-18,28.2,23.7,33.2,0,1.6,41,64.8,13,34.2,20,0,100
2018-07-17,28.1,23.9,32.1,0,1.7,45,66.5,13,34.3,20.7,0,73.9
2018-07-16,28.7,24,34,0,1.7,40,64.3,12.9,33.4,20.9,0,66.9
2018-07-15,28.3,24.5,33.2,0,1.6,46,69.6,11,32.6,21.1,0,53.6
2018-07-14,27.9,24.6,31.9,0,1.9,51,69.6,11.3,30.6,22.1,0,53.9
2018-07-13,27.3,24.7,30.9,0,1.8,58,74.8,7,28.9,21.9,0,54
2018-07-12,26.6,25.1,28.2,1,1.5,73,82.4,1.1,27,21.9,1,53.9
2018-07-11,26.8,24.4,29.5,3,1.3,66,82.9,0.1,26.9,23.1,4,53.3
2018-07-10,23.7,20.4,26.5,16.5,0.7,74,87.8,0,23.9,19.8,20.5,52.4
2018-07-09,20.8,20.1,24.2,14,1.1,61,82.3,0,22.4,18.7,34.5,52.4
2018-07-08,23.3,17.7,28.1,0,1.5,36,51.5,9.5,29.8,15.8,0,72
2018-07-06,23.9,21.5,27.1,0,1.8,49,57.8,2.6,27,20,0,74.1
2018-07-05,25.3,23.4,29,0.5,1.2,58,72.8,1.7,27,21.5,0.5,60.2
2018-07-04,27.3,24,31.8,0,1.7,51,69.6,8.4,30,21.2,0,61.4
2018-07-03,27.4,22.5,32.6,0.1,0.8,47,74.4,10.1,29.1,20.9,0.1,63.8
2018-07-02,22.6,20.6,25.3,59.5,0.7,84,95.4,0.1,23.5,19.7,59.6,61.5
2018-07-01,21.9,21,22.8,83.5,0.8,84,94.6,0,22.2,20.4,143.1,60.2
2018-06-30,24.4,21.6,27.9,14.5,0.9,65,83.8,0.5,24.7,18.1,157.6,87
2018-06-29,24.7,21.9,29.1,6.5,1.5,56,78.5,8.4,26.6,20,164.1,81.7
2018-06-28,23.3,20.6,27.3,26.5,1.1,61,85.1,1.9,24.5,19,190.6,76.6
2018-06-27,22.3,19.1,25.5,1,2,65,81.9,2.9,23.7,18.8,191.6,97.5
2018-06-26,22.3,20.2,26.9,71.5,2.4,47,88.3,0,22.5,18.7,263.1,100
2018-06-25,27.1,21.3,32.9,0,1.2,31,57.1,7.8,31.7,16.8,0,96.9
2018-06-24,25.2,20.1,32.1,0,1.9,28,62.8,11.1,32.8,16,0,79.4
2018-06-23,24.5,20.9,28.9,0,2,28,50.6,8.5,30.7,16.5,0,65.4
2018-06-22,25,18.2,32,0,1.8,20,45.1,12.4,30.6,13,0,0
2018-06-21,23.7,19.4,28.7,0,2.2,32,60.1,12.6,32.2,16.9,0,46.1
2018-06-20,22.7,19.1,28.4,0,2.3,41,68.1,10.2,28.9,16,0,47.1
2018-06-19,22.4,19.1,27.2,0,1.8,41,61.3,3.1,26.4,14.8,0,0
2018-06-18,24.8,19.9,30.8,0,1.5,31,54.9,12.6,30.4,15.7,0,39.5
2018-06-17,22.8,18.9,27.5,0,1.3,43,66.9,2.4,25.3,14.2,0,34.6
2018-06-16,22.5,16.3,28.7,0,1.4,36,56.4,13,26.8,13.8,0,0
2018-06-15,21.7,17.2,27,16.5,1.4,38,60.8,9.8,24,15.6,16.5,0
2018-06-14,21.6,18.8,25.1,29,1.1,55,74.9,1.4,22.7,17.2,45.5,49.3
2018-06-13,22,18.3,27,0,1.5,46,64,4.9,25.3,13.4,0,46.6
2018-06-12,21.3,16.6,27.1,0,1.7,40,65.5,12.1,26.2,14.6,0,44.6
2018-06-11,20.2,18,23.9,5,1.4,45,67.3,3.3,24.5,16,5,56.4
2018-06-10,21.3,18.3,24.9,0.5,1.4,47,59.9,1.4,23.7,15.6,5.5,56.7
2018-06-09,23.7,18.9,30.1,0.5,1.4,35,60.6,7.9,29.7,14.2,6,57.7
2018-06-08,21.9,18.5,27,0,2.1,47,68,7.1,31.1,15.7,0,61.3
2018-06-07,22.2,17.8,29.4,0,2,37,69.3,9.4,30,12.6,0,64.5
2018-06-06,23,18.4,27.9,0,2,44,62.9,12.7,30.9,13.2,0,56.5
2018-06-05,23.7,17.7,29.2,0,1.7,31,52.5,11.4,30.7,12.1,0,50.9
2018-06-04,22.6,18.9,27.5,0,1.9,27,50.1,9.2,27.4,12.3,0,46.4
2018-06-03,24,16.9,30.8,0,1.6,19,39.4,12.9,31,10.5,0,52.5
2018-06-02,23.4,17.6,30.1,0,2,20,44.5,12.8,30.8,12,0,45.9
2018-06-01,23.8,17.5,30.2,0,1.9,30,50.4,12.9,30.6,12.7,0,41.4
2018-05-31,20.9,14.2,27.6,0,1.9,35,58.9,12.9,28.3,10.5,0,27.4
2018-05-30,20.2,15.8,24.7,0,1.9,35,69.8,9.8,24.8,12.9,0,45.6
2018-05-29,21.4,19.1,25.9,1,1.8,50,69.3,3.4,25.2,16.1,1,29.8
2018-05-28,22.3,16.2,29.1,0,1.6,34,49.8,12.5,27.9,10.9,0,43
2018-05-27,20.3,17.3,24.7,0,1.7,30,47.4,4.7,23.6,12.1,0,50.3
2018-05-26,21.8,14,29.6,0,1.4,27,50.1,12.6,26.3,8.3,0,16.1
2018-05-25,19.7,13.8,26.2,0,1.8,22,47.4,12.1,23.1,8.2,0,10.2
2018-05-24,18.3,11.2,23.7,0,2.2,24,47.4,12.5,22.1,6.8,0,16.7
2018-05-23,17.3,13.6,23.3,6.5,2.5,27,57.1,12.7,21.9,8.9,6.5,23
2018-05-22,18.1,15.4,23.2,12.5,1.1,48,75.5,2.7,19,11.5,19,22.1
2018-05-21,17.8,11.3,23.7,0,1.4,24,43.9,8.8,21.8,6.9,0,18.3
2018-05-20,17,11.5,22.6,0,1.4,22,32.1,4.2,16.9,8,0,9.8
2018-05-19,17.6,10.3,24.7,0,1.5,31,47.5,12.7,21.2,8.6,0,13.1
2018-05-18,16.3,12.2,19.3,6.5,1.3,66,86.8,0.4,18.2,10.4,6.5,12.5
2018-05-17,20.9,18.8,23.5,83,1.4,80,97,0,21.2,18.2,89.5,16.4
2018-05-16,22.3,21.8,24.4,45,1.9,62,93.8,0,21.6,20.3,134.5,8.2
2018-05-15,23.2,15.4,29.3,0,1.1,31,56.4,8.9,25.3,10.5,0,7.2
2018-05-14,18.2,11.9,24.5,0,1.4,45,71.4,7.2,21.2,8.8,0,8.5
2018-05-13,15.8,12.7,20,0.5,1.9,61,82.5,6.9,18.4,10.4,0.5,9.3
2018-05-12,14.2,11.8,16.1,32,0.9,50,89.3,0,14.6,11.2,32.5,13.6
2018-05-11,16.1,11.9,21.3,0,1.8,36,59.8,5.3,21,12,0,7.7
2018-05-10,15.4,11.3,21.4,0,2.3,44,67.4,12.3,22.5,5.8,0,1.5
2018-05-09,15.7,9.2,21.8,0,1.7,31,50.4,12.6,21.7,5.9,0,1.7
2018-05-08,17.5,11.6,22.9,0,1.7,36,50.9,11.3,21.3,9.5,0,2.4
2018-05-07,19.2,14,25.5,0,1.2,26,60.3,7.1,18.4,10.7,0,3.1
2018-05-06,16.6,15,20.7,22,1.1,60,86.4,3.2,17.2,11.7,22,3.2
2018-05-05,18.3,11.6,24.6,0,2.6,27,46.8,11,20.4,6.2,0,2
2018-05-04,14.1,8.8,20,0,2.7,25,45.5,12.4,17.9,3.1,0,1.3
2018-05-03,11.2,6.9,14.7,1,2.7,45,62.4,8.2,11.4,3.6,1,7.4
2018-05-02,15.1,8.7,19.7,12,1.9,75,90.4,0,16,7.5,13,5
2018-05-01,20.4,17.8,23.3,0,1.5,58,72.8,3.2,23.5,16.1,0,2.4
2017-10-31,10.4,3.6,16,0,1.8,32,54.3,9.5,11.4,-5.9,0,2.3
2017-10-30,7.7,2.5,13.2,0,2.4,16,27.4,9.8,10.1,-5,0,5.4
2017-10-29,11.5,6.3,17.2,0,3.3,25,45.6,7.3,12.1,0.3,0,9.2
2017-10-28,17.2,10.6,24.8,0,2,29,51.9,9.8,16.5,3.9,0,9.3
2017-10-27,16.9,11.9,24.2,0,1.2,32,54.4,9.7,16.8,3.7,0,9.3
2017-10-26,14.5,10.7,18.1,0,1.2,31,56.5,1.8,14.6,4.4,0,9.6
2017-10-25,14.4,9.5,20.6,0,1.5,26,59,9.5,14.7,1.4,0,9.7
2017-10-24,14.4,9.9,20.9,0,1.9,30,54.3,8.2,14.3,5.3,0,9.7
2017-10-23,13.7,8.6,20.6,0,1.4,30,47,10.1,14.4,2.9,0,12.4
2017-10-22,16.3,11,23.5,0,3.1,33,50.4,9.6,15.6,5.4,0,11.5
2017-10-21,17.6,11,25.2,0,1.3,25,52.8,10.1,16.7,6.2,0,7.5
2017-10-20,17,11.1,24.2,0,1.5,30,58.6,10.1,16.9,7.4,0,7
2017-10-19,17,11.9,23.2,0,1.8,32,58.3,9.2,16.8,8.8,0,6.7
2017-10-18,16.5,14.2,19.1,0.1,2.4,43,58.8,0.3,15.7,10.8,0.1,6.7
2017-10-17,16.2,9.2,23.9,0,1.3,26,47.1,10.3,16.2,4.3,0,7
2017-10-16,16.6,13.6,22,0,1.7,25,47.6,5.3,17.2,10.1,0,7.4
2017-10-15,15.8,9,23,0,1.7,22,42.5,9.3,15.3,5,0,8.2
2017-10-13,12.8,6.1,18.9,0,3.2,31,51,9.6,12.8,3.3,0,17.8
2017-10-11,15.5,12.2,21.7,20,2.9,55,77.1,1.9,17.4,11.6,20,22.6
2017-10-10,21.4,18.6,24.8,0.4,1.3,56,76.9,1,22.1,15.6,20.4,20.8
2017-10-09,22.5,19.8,27.6,0,1.5,34,66,6.5,24.9,17.1,0,19.9
2017-10-08,23,19.3,28.7,0,1.4,42,66.9,10,25.3,16.4,0,18.5
2017-10-07,21.9,16.9,28.8,0,1.2,42,67.6,6.2,23.9,16.1,0,18.6
2017-10-06,18.9,16.2,23.3,0.5,2.3,44,66.4,4.6,19.4,13.4,0.5,17.7
2017-10-05,18.7,13.9,23.4,0,2.1,43,56.4,6.4,18.7,11.5,0,18.2
2017-10-04,16.7,10.7,24.3,0,1.8,32,48.5,8.5,17.5,7.7,0,22.2
2017-10-03,17.6,13.4,23.6,0,2.3,41,49.8,6.7,18.2,11,0,24.7
2017-10-02,22,15.6,29.4,1.5,2.3,34,62.3,10.2,21.7,15.2,1.5,27.7
2017-10-01,18.2,15.5,21.2,4,2.3,50,74.8,0.6,18.8,14.7,5.5,33
2017-09-30,20,14.7,25.9,0,1.5,49,64.9,5.8,21.1,11.8,0,65.6
2017-09-29,17.4,11.2,23.5,0,2.2,20,39.3,10.5,20,7.3,0,52
2017-09-27,22.7,19.9,27.3,0.5,1.7,53,66.4,0,24,17.5,0.5,49.1
2017-09-26,25.1,19.4,31.4,0,1.9,36,57,8.7,27,16.9,0,45.9
2017-09-25,23.4,17.4,30.1,0,1.4,35,58,10.4,25.2,14.9,0,41.5
2017-09-24,22.4,18.8,27.9,0,2,53,71.5,5.4,24.3,15.6,0,41.4
2017-09-23,21.8,17.6,27.3,0,1.6,40,69.8,7.3,23.3,13.2,0,38.3
2017-09-22,20.6,15.4,26.8,0,2.1,34,60.8,11,22.1,12.7,0,49.8
2017-09-21,20.3,14.2,27,0,1.6,29,57.3,11.5,21.7,11.9,0,50.1
2017-09-20,19.5,14.1,24.9,0,2.4,29,48.9,11.6,20.3,10.3,0,50.3
2017-09-19,22.6,20.1,25.8,8,3,66,79.1,2.1,24.6,16.5,8,47.8
2017-09-18,21.9,16.4,27.6,0,2.1,36,62.8,11.4,25.8,12.7,0,47.1
2017-09-17,23.1,19,29.2,0,2.7,34,51.3,10,26.7,14.3,0,45.1
2017-09-16,22,16.7,27.6,0,3.6,39,50.9,11,25.2,13.8,0,45.9
2017-09-15,22.6,17.8,27.9,0,3.6,33,48.4,11.3,25,14.7,0,51
2017-09-14,22.4,14.8,29.5,0,1.7,28,48.8,11.5,23.9,11.7,0,49.4
2017-09-13,21.4,15.9,27.5,0,1.9,30,49.3,11.9,23,12.4,0,47.6
2017-09-12,22.1,17.7,27.9,0,1.9,29,58.6,11.6,23.3,14.3,0,44.4
2017-09-11,21.2,18.6,24.6,24,1.7,59,79.8,1.9,22.6,17.2,24,48.9
2017-09-10,23,19.9,26.1,0.5,1.4,56,74.3,0,24.3,17.1,24.5,51.6
2017-09-09,23.8,19.2,28.2,0,1.4,43,70.1,11.1,26.5,15.8,0,50.8
2017-09-08,24.3,20.4,29.9,0,1.7,30,67.5,9.7,27.6,18.3,0,49.9
2017-09-07,22.4,17.8,27.5,0,1.4,52,73.3,7.6,24.3,16,0,51
2017-09-06,20.6,18.5,24,2,1.2,61,75.5,0,21.5,17.1,2,50.7
2017-09-05,21.9,20.4,23.7,0,1.7,51,62.4,0,22.6,17.4,0,49.8
2017-09-04,24.6,19.7,30.1,0,1.6,28,53.8,8.8,28.6,16.7,0,46.1
2017-09-03,23.7,19,29.2,0,1.6,36,64,8.5,25.6,16.8,0,45.6
2017-09-02,23.8,18.6,29.6,0,1.8,33,59,10.7,27.2,15.8,0,38.2
2017-09-01,23.3,17.1,29.7,0,2.2,31,56,12.4,26.6,13.9,0,46.1
2017-08-31,22.2,16.6,27.6,0,1.6,33,62.4,11.8,24.3,13.7,0,20.4
2017-08-30,19.8,16.1,23.9,0,1.5,33,55.8,3.4,19.7,14.9,0,25.4
2017-08-29,19.5,17,24,0,3.2,32,51.4,11.3,22.8,15.3,0,22.8
2017-08-28,21.5,18.3,26.5,9,1.5,35,73.1,1.3,22.6,17.4,9,28.6
2017-08-27,22.7,19,26.7,0,1.4,44,62,3.3,24.8,15.8,0,54.1
2017-08-24,26.5,23.9,28.1,14,4,79,85.3,0.8,25.7,21.7,14,42.4
2017-08-23,27.2,24.6,30.2,31.5,2.6,73,84.1,2.4,27.4,22.3,45.5,44.4
2017-08-22,27.3,23.4,31.5,0,1.9,49,70.6,9.5,29,21,0,50.6
2017-08-21,25.8,23.7,29.2,5,2.4,65,81.5,5.2,26.9,22.5,5,51.4
2017-08-20,23.2,22,25.8,124.5,2.9,79,95.6,0,23.8,21.5,129.5,48.3
2017-08-19,26.1,23.1,28.7,0,2,64,75.8,1.2,26.9,21.8,0,45.6
2017-08-18,26.3,23.9,30.6,0,1.3,54,75.6,5,26.8,22.3,0,45.4
2017-08-17,24.8,21.2,27.7,0.5,2.1,65,77.1,1.8,26.1,19.9,0.5,47.3
2017-08-16,23.3,20.5,26.8,2,3.7,67,80.5,1.6,24.6,20.5,2.5,43.4
2017-08-15,21.9,20.8,24,93.5,3.6,68,93.8,0,22.9,20.7,96,55.5
2017-08-14,24.6,23.1,27.1,1.5,3.6,60,67.5,0,25.4,21.9,97.5,44.9
2017-08-13,26.3,24.2,28.4,0,2.8,53,62.1,1.4,27.8,22.9,0,31.8
2017-08-12,27.8,23.2,32.6,0,2.1,43,60.3,9.6,29.2,21.8,0,25.2
2017-08-11,27,23.9,32.4,0.5,2.3,45,72.5,7.3,29.4,23,0.5,23.1
2017-08-10,24.8,23.9,26.3,5.5,2,83,89.9,0,27.4,23.8,6,21.2
2017-08-09,27.6,24.6,32,2.5,2.3,42,66.4,4,32,23.8,8.5,20.9
2017-08-08,28.2,25.5,31,0,1.9,43,67.1,5.6,30.5,24.3,0,18.2
2017-08-07,29.2,26.4,34.4,0,2.4,37,68.1,10.7,33.6,24.3,0,21
2017-08-06,29.8,28.2,34,5,1.9,54,71.9,3.7,32.1,25.7,5,22.8
2017-08-05,31.4,27.6,34.8,0,1.9,52,63,9.4,35.8,25.5,0,38
2017-08-04,30.3,25.9,35.3,0,2.1,38,60.1,11.8,34.6,23.9,0,42.4
2017-08-03,30.2,27.2,33.9,0,2.2,37,60.6,10.4,32.8,25.3,0,42.9
2017-08-02,30,26.6,33,0,1.3,55,71.9,3.9,30.4,25,0,51.9
2017-08-01,28.6,24.1,33,2,1.7,51,73,8.8,29.4,23.7,2,52.9
2017-07-31,25.7,24.8,27.1,3.5,1.4,72,82.3,0,26.1,24,5.5,99.5
2017-07-30,27.9,24.7,32.6,0,1.9,42,64.4,6.9,29.9,23.8,0,96.9
2017-07-29,27.2,25,30.1,0,2.3,60,72.3,2.5,27.5,24.2,0,100
2017-07-28,25.5,24.8,26.9,8.5,1.5,86,92.1,0,25.9,23.9,8.5,100
2017-07-27,27.1,24.9,29.7,3.5,1.9,45,62.5,1.2,29,23.1,12,100
2017-07-26,28.7,24.2,32.8,0,2.7,43,55.6,11.4,32.5,22.9,0,100
2017-07-25,29.4,24.6,35.4,0,1.9,38,64.1,10.7,31.7,22.7,0,100
2017-07-24,26.2,25.6,27.3,3,1.2,71,82.3,0,26.8,24.7,3,100
2017-07-23,27,26.1,28.1,133.5,2.1,80,89.5,0,26.7,25.2,136.5,100
2017-07-22,29.3,27.5,32.5,0.5,2.3,59,75.8,2.3,30.9,26.4,137,100
2017-07-21,29.8,27.3,32.4,0,2.5,61,73.1,2.1,30.7,26.1,0,100
2017-07-20,29.9,26,34.9,0,2.2,46,66.1,10.3,33.2,24.1,0,100
2017-07-19,28.3,24.5,34.1,0,1.8,47,71.4,7,29.6,23.6,0,97.7
2017-07-18,26.5,23.9,30.7,2.5,1.6,60,80.6,4.3,27.5,23.7,2.5,95.3
2017-07-17,26.8,24,29,7.5,2,65,77.3,0.3,28.1,23.6,10,92
2017-07-16,26.2,23.4,28.8,22.5,1.4,64,83.4,0.9,27.1,23,32.5,92.2
2017-07-15,25,23.4,27.3,42.5,2.2,75,89,0.5,25.7,22.8,75,93.5
2017-07-14,28.7,26.1,33,0,2.1,49,68.4,6.6,30.7,23.5,0,90.1
2017-07-13,27.6,23.1,32.1,0,1.5,51,71,9.2,29.2,21.1,0,91
2017-07-12,27.1,24.9,31.1,0,2.3,54,75.9,7.7,29.2,22.3,0,91.2
2017-07-11,26,22.2,30.9,1,2.1,54,81.4,5.6,27.2,21.9,1,92.2
2017-07-10,24,22.6,25.4,144.5,2.3,88,96.5,0,24.4,22.5,145.5,92.8
2017-07-09,26.3,23.8,30.3,32.5,1,66,88,1.6,27.4,23.1,178,88.4
2017-07-08,26,24.6,27.6,4.5,2.6,76,83.3,0.1,25.9,24,182.5,88.2
2017-07-07,26.4,24.4,28.4,16.5,2,70,80.8,1,26.4,22.7,199,87.8
2017-07-06,27.6,23.9,34.6,34,1.7,39,72.3,8.3,31.1,21.2,233,85.6
2017-07-05,27.4,23.3,32.6,0,1.5,43,66.9,7.8,27.2,21.4,0,84.8
2017-07-04,26.7,23.8,31.6,0.5,2,51,74.5,9.4,28.3,22,0.5,79.5
2017-07-03,24.7,21.9,27.4,67.5,3.5,69,87.6,2,25.1,21.5,68,75.5
2017-07-02,24.3,21.9,26.8,92,2.5,81,90.5,0,24.7,21.5,160,75.6
2017-07-01,25.3,22.4,30.7,0.5,2,45,73.6,3.4,30.5,20.9,160.5,75.4
2017-06-30,25.9,22.2,30.9,0,2.2,40,65.9,7.7,31.4,20.5,0,100
2017-06-29,26.2,21.9,31.5,0,2.2,40,64.8,9.5,29.5,19.8,0,100
2017-06-28,26,22.5,30.5,0,2.1,44,63.5,6.9,27,21,0,100
2017-06-27,25.2,20.8,30.5,0,2.2,44,67.5,7.8,27.3,19.4,0,100
2017-06-26,23.1,20.1,29.9,29,2.2,43,76.9,4.9,24.5,19.2,29,100
2017-06-25,23.8,21,28.4,1.5,1.5,48,75.4,4.6,24.4,19.6,30.5,100
2017-06-24,24.5,21.5,27.8,3.5,1.2,40,60.4,0.8,26.3,19.3,34,100
2017-06-23,26.7,21.3,34.1,0,2,25,53,12.9,34.6,18.1,0,100
2017-06-22,25.3,21.2,30.4,0,2.5,36,57.3,10.8,34.8,19.4,0,96.2
2017-06-21,25.4,21.7,31.6,0,2.9,30,52.6,11.1,34,19.4,0,79.7
2017-06-20,26,20,32.7,0,2.1,26,43.4,7.9,30.3,15.4,0,67.9
2017-06-19,24.8,19.5,30.2,0,1.8,27,50.9,11,30.4,14.8,0,55.6
2017-06-18,24.3,18.6,31.8,0,2.3,25,52,13.2,32.4,14.4,0,56.7
2017-06-17,24.2,20.6,29.9,0,2.4,30,52.3,12.7,32.2,15.8,0,55.1
2017-06-16,25.5,20,32.7,0,2.2,31,55.8,11.9,32.5,17.3,0,48.9
2017-06-15,23.1,18,29.6,0,2.5,30,62.4,11.4,30.5,14.7,0,50.1
2017-06-14,21.8,17.8,26.8,0,2.8,38,63,11.9,30.1,15.5,0,46.4
2017-06-13,21.5,18.3,25.9,0,2.4,44,63,10.3,28.7,15.8,0,44.1
2017-06-12,22.1,17,28,0,2.8,25,45.5,12.2,27,15.1,0,38.2
2017-06-11,22.8,14.8,29.6,0,2.2,17,33.8,13.7,26.8,9.8,0,42.2
2017-06-10,21.5,16.7,27.5,4.5,2.3,14,46.8,9.8,22.4,12.7,4.5,50.2
2017-06-09,21.2,17.9,25.7,0.1,3.3,50,69.8,7.4,23.8,14.2,4.6,48.8
2017-06-08,20.1,15.1,25.9,0,2.8,38,67.3,11.8,23.1,13.2,0,45.6
2017-06-07,17.6,15.1,19.2,12.5,2.4,78,91.4,0.2,17.8,14.9,12.5,53.1
2017-06-06,19.4,14.5,23.9,15.5,2.5,36,60,0,21.6,13.8,28,61.3
2017-06-05,24.2,16.4,30.3,0,1.9,18,33.3,12.9,32.8,11.7,0,62.8
2017-06-04,21.7,15.1,28.1,0,2.6,19,36.9,13.6,30.3,10.7,0,47.6
2017-06-03,20.5,16.1,26.5,0,3,24,44,13.5,31.2,12.5,0,51.7
2017-06-02,20.5,15.5,25.6,0,2.8,20,37.4,12.2,29.1,9.8,0,46.4
2017-06-01,23.3,20,27,0,3.1,24,51.8,10.6,31.4,15.4,0,40.7
2017-05-31,23.3,17.7,29.6,0,1.9,22,49.1,10.2,30.7,12.9,0,45.1
2017-05-30,23.6,18.6,30.3,0,2.4,7,43.5,11.1,29.1,15.1,0,57.9
2017-05-29,22.9,18.1,29.3,0,2.3,39,61.8,9.7,29.8,15,0,82.9
2017-05-28,21.2,14.4,27.9,0,2.7,25,50.6,11.2,28.3,9.2,0,56.4
2017-05-27,19.5,13.7,26.4,0,2.2,24,46.1,13.5,28.4,7.2,0,24.8
2017-05-26,17.7,12.4,23.2,0,2.9,25,41.5,11.3,26.1,8.6,0,56.1
2017-05-25,19.2,14.4,24.4,0,3.4,14,45.6,12.8,25.9,11.3,0,46.7
2017-05-24,21.8,16.9,27.8,0.1,2,31,60.4,12.7,27,14.3,0.1,45.6
2017-05-23,20,17.2,24.4,5,1.9,46,68,2.4,23.6,13.1,5.1,40.7
2017-05-22,21.8,15.9,28,0,2,30,53.6,11.8,29,11.4,0,24.6
2017-05-21,21.5,16,27.6,0,2.3,19,48.1,11.9,30.6,12,0,20.6
2017-05-20,20.9,15.4,27.3,0,2.4,28,44,13,27.8,10.9,0,18.8
2017-05-19,21.1,15.1,27.9,0,2.6,23,42.6,13.3,28.9,9.5,0,17
2017-05-18,20.4,13.9,26.9,0,2.3,28,41.9,12.9,27.2,9,0,17.9
2017-05-17,18.6,12.3,25.9,0,2.1,29,51.5,13.2,25.8,8.4,0,15.8
2017-05-16,17.1,13.3,22.3,0,2,38,60.5,9.6,22,9.7,0,12.7
2017-05-15,16,12.3,20.1,0,2.8,45,61.4,8.1,20.7,9.2,0,11
2017-05-14,15.7,11,20.7,0,3.7,32,58.3,13.1,19.9,8.3,0,12.9
2017-05-13,16.4,12.4,22.6,6,3.1,52,77.8,2.2,17.2,8.6,6,12.5
2017-05-12,19.1,16.8,21.1,0,2.1,63,71.6,0,17.6,11.1,0,17.4
2017-05-11,19.3,13.1,24.8,0,1.8,48,65.3,5.3,21.6,10.7,0,21.7
2017-05-10,16.4,14.2,20.8,2.5,2.5,54,73,7,18.4,12,2.5,56
2017-05-09,17.1,15.3,22.6,2.5,1.6,36,62.6,1.3,19.7,13.3,5,70.2
2017-05-08,17.9,11.1,23.5,0,2.1,34,43.6,6.1,21.7,5.8,0,20.8
2017-05-07,16.6,10.9,22.8,0,3.2,16,42.6,12.6,23.6,7.4,0,51.7
2017-05-06,14.9,10,19.3,0,3.8,16,32,12.4,22.3,4.5,0,44.9
2017-05-05,20.9,15.5,27,0,3.2,35,53.4,11.6,28.4,14.1,0,20.5
2017-05-04,21,14.8,27.5,0,2,25,43.6,8,25.4,9.5,0,14.8
2017-05-03,21.5,14.5,30.2,0,2,16,34.1,12.6,27.2,8.7,0,10.7
2017-05-02,20.7,15.2,28,0,2.1,26,42,8.7,25.4,9.9,0,11.7
2017-05-01,20.1,12.8,28.3,0,1.9,17,50.8,11.9,25.8,8.9,0,0
2016-10-31,5.7,0.7,8.2,0.5,2,42,59.9,0,6,-2.2,0.5,11.8
2016-10-30,7.9,1.6,15.1,0,1.5,13,31.9,9.7,8.6,-3.5,0,13.7
2016-10-29,7.8,3.5,11.2,0,3,31,40.3,1.1,8.3,0.1,0,17.2
2016-10-28,14.6,10.2,18.4,0.3,2.5,40,61.8,4.3,14.4,8.1,0.3,18.5
2016-10-27,14.6,8.6,20.9,0,1.9,44,65.4,5.9,13.5,6.6,0,20.7
2016-10-26,13.3,10.5,16.3,0,1.4,64,81,2.2,13,7.4,0,23.4
2016-10-25,14.1,12.5,17.5,37,2.2,57,84,3.2,14,8.6,37,24.8
2016-10-24,15.1,9,20.6,0,2.4,37,54.8,9.4,16.4,6.9,0,26.9
2016-10-23,13.3,10.6,17.8,2.5,4,53,66.3,0.1,13.8,10.1,2.5,28.9
2016-10-22,18.3,14.5,22.8,0,1.8,45,59,5.4,20.1,12.1,0,29.4
2016-10-21,17.9,15.7,22,0,3,45,58.6,3.2,19.3,14.5,0,28.3
2016-10-20,18.6,12.9,25.8,0,1.8,36,61.3,9.3,19.4,9.2,0,26
2016-10-19,18,14,24.3,0,1.5,35,67.6,8.7,18.9,10.4,0,24.1
2016-10-18,17,11.2,24,0,1.4,41,70.9,8,17.7,7.2,0,23.3
2016-10-17,17.5,14.5,21.7,0,1.4,53,76.1,7.2,18.2,11.5,0,21.3
2016-10-16,17.2,15.4,19.5,1.5,1.5,55,74.1,0,16.5,13.5,1.5,18.5
2016-10-15,19.1,12.4,27.1,0,1.3,28,60.6,8.3,19.6,8.8,0,17.3
2016-10-14,16.7,10.5,23.5,0,1.3,39,61.8,8.5,17.2,7.1,0,18.6
2016-10-13,15.2,9.3,21.9,0,1.4,24,44.1,9.3,17.2,4.5,0,19.8
2016-10-12,15.5,11.4,20.7,0,2,27,57,10.5,18,8.2,0,23
2016-10-11,15.4,10,21.1,0,1.8,35,62.4,8,16.5,6.5,0,26.5
2016-10-10,14,7.4,21.4,0,1.6,22,43.3,10.3,16.3,3.4,0,32.8
2016-10-09,11.3,6.5,16.6,0,2.9,32,46.3,10.7,14.6,4.2,0,39.2
2016-10-08,16.8,10.3,21.8,6,2.9,33,66.4,7.2,18,8.7,6,44
2016-10-07,19.7,16.5,24.8,2,2.6,47,67.8,4.7,21.9,14.2,8,45.3
2016-10-06,18,13.6,23.5,0,2.6,40,59.3,10.7,21,11.4,0,48.8
2016-10-05,21.1,17.5,27.2,0,3,42,61.9,6.1,22.1,14.9,0,46.2
2016-10-04,22,15.6,29,0,2.4,33,58.9,10.9,22.4,12.1,0,44.7
2016-10-03,22.7,19.6,27.9,6.5,2.7,41,73.3,8.5,23.6,15.6,6.5,45.3
2016-10-02,19,16.7,22.4,18.5,2.7,73,84.1,0,18.6,16.4,25,50.1
2016-10-01,21.1,17.5,25.6,0,1.2,47,69,4.3,21.8,15.5,0,51.3
2016-09-30,20.5,17.7,23.5,0,1.6,54,66.9,0.4,20.9,16.5,0,51
2016-09-29,20.4,18.2,24.8,0,3,48,64.4,5.3,21.3,17,0,51.3
2016-09-28,19.9,18.7,21.8,0.5,1.3,74,84.6,0,20.7,18.3,0.5,50.4
2016-09-27,21,19.1,23.8,13.5,1.3,64,82.5,0,21.5,18.6,14,49.7
2016-09-26,23.6,19.7,28.9,0,1.8,40,59.1,6.5,26.2,16.1,0,48.1
2016-09-25,23,18.6,29.7,0,1.2,27,57.6,5.2,26.6,15.7,0,47.9
2016-09-24,22.3,16.5,28.9,0,1.6,35,60.6,9.3,25.5,13.4,0,48.1
2016-09-23,21.4,16.4,27.9,0,1.6,34,57.9,9.1,24.6,12.9,0,52.4
2016-09-22,21.9,17.5,27.2,0,1.8,30,46.3,9,26,13.5,0,55.2
2016-09-21,20.2,14.3,25.3,0,2,28,43.4,10.8,22.9,10.8,0,62.4
2016-09-20,20.6,15.4,26.8,0,3.1,26,41.1,11.6,24.8,12.7,0,68.2
2016-09-19,21.9,18.2,27.8,0,3.5,36,53.3,10.1,25.7,15.9,0,70.9
2016-09-18,23.5,20.2,28.3,0,3.1,40,53.4,9.3,24.7,17.8,0,73
2016-09-17,23.1,18.5,28.2,7,2.9,43,64.8,7.1,23.1,17.3,7,75.9
2016-09-16,24.6,20.4,29.5,0,1.5,40,64.9,3.8,26.4,18.5,0,75.3
2016-09-15,23.9,18.8,29.5,0,1.3,37,68.1,5.8,26.5,16.4,0,74.3
2016-09-14,24.6,21.4,28.9,0,1.8,46,66.1,7.2,27.8,18.1,0,74.3
2016-09-13,24.6,19.6,30.8,0,1.8,39,62.5,8,25.6,17.8,0,75.7
2016-09-12,23.4,21.4,27.5,2.5,1.9,49,68.9,6.2,23.6,18.8,2.5,80.6
2016-09-11,24.5,22.1,28.2,0,1.7,48,66.3,3.8,25.6,20.3,0,82.1
2016-09-10,24.4,20,29.1,0,1.6,44,65.4,7.1,26.4,17.9,0,81.6
2016-09-08,23,21.5,26.5,4.5,1.3,58,76.4,3.8,23.3,19.5,4.5,80.7
2016-09-07,24.3,20.9,28.6,0,1.8,47,69.8,2.5,27,19.1,0,69.8
2016-09-06,24.7,21,29,0,1.8,43,69,8.3,26.5,18.6,0,64.1
2016-09-05,26.4,23,31.1,0,1.7,44,66.1,8.4,28.6,20.5,0,57.6
2016-09-04,25.6,22.1,29.6,0,1.5,52,71.3,2.7,26,20,0,51.8
2016-09-03,23.9,20.4,28.6,0.5,1.8,51,73.8,3.1,25,19.9,0.5,49.9
2016-09-02,24.2,20.6,29,4.5,2.7,48,68.5,9.1,25.5,19.4,5,49.1
2016-09-01,23.2,15.8,28.6,0,3.1,43,71.3,8.8,21.8,14,0,54.5
2016-08-31,17.7,16.1,19.2,17.5,3.8,68,85.3,0,18.1,15.8,17.5,52.4
2016-08-30,20.6,17.9,24.5,0,3.3,43,60.4,6.3,23.1,15.4,0,48.1
2016-08-29,22.2,17.4,27.1,0,2,34,54.5,7.1,23.5,14.9,0,44.3
2016-08-28,21,18.3,24.5,1.5,2.6,45,62.5,3.6,23.7,17.1,1.5,39.5
2016-08-27,23.4,16.9,29.7,0,3.1,27,43.3,12.4,25.4,14.2,0,36.4
2016-08-26,23,19.5,28.2,20,3.6,33,57,7.6,23.8,17.4,20,33.9
2016-08-25,27.1,24,32.2,4.5,1.9,43,70.4,3.2,28.9,22.6,24.5,33.1
2016-08-24,29.1,26.4,32.9,0,1.8,43,59.1,6.9,29.4,24.3,0,33.1
2016-08-23,28.3,26,33,8,2.1,48,68.8,4.8,29.5,24.1,8,32.8
2016-08-22,30.7,25.8,36.3,0.4,2.1,37,58,11.7,35,23.8,8.4,32.9
2016-08-21,30.7,26.9,36.6,0,2.1,31,57.5,8.3,33.8,25.6,0,33.9
2016-08-20,30.1,26.5,34.9,0,1.7,33,59,4.6,29.6,24.7,0,33.8
2016-08-19,28.9,26.6,33.2,11.5,1.4,49,69.5,1,33.7,24,11.5,33.7
2016-08-18,29.9,26.2,34.3,0,1.6,41,61.9,3,33.5,23.6,0,33.6
2016-08-17,29.9,25.1,34.7,0,1.9,34,60.4,11.5,36.4,22.8,0,33.6
2016-08-16,29.3,26.2,34.9,0.5,1.6,34,64.9,7.8,35,23.5,0.5,33.6
2016-08-15,29.1,25.8,34,0,1.9,37,65.5,8.6,35.9,23.7,0,33.2
2016-08-14,28.9,27.3,31.8,0.2,1.9,58,74,4.8,33.2,25.2,0.2,32.4
2016-08-13,30.2,26.8,35.1,0,2.4,38,67.9,10.4,37.8,24.6,0,32.4
2016-08-12,30.4,26.4,35.9,0,2,43,68.3,11.8,37.5,23.5,0,32
2016-08-11,30.5,26.1,36.4,0,2,37,64.1,12.8,39.2,23.2,0,32
2016-08-10,29.4,26.1,34.8,0,1.9,39,66.3,9.3,34.5,24.3,0,32.6
2016-08-09,29.3,26.4,33.6,1,1.9,49,68.3,6,32.8,24.7,1,33.2
2016-08-08,30.5,26.4,35.5,0,1.8,44,63.1,10.6,38.2,23.3,0,33.9
2016-08-07,30.6,27,35,0,1.9,38,56,11.9,38.3,24.1,0,34.4
2016-08-06,30.5,26.6,34,0,1.7,49,64.8,8.8,35.5,23.8,0,34.7
2016-08-05,31.2,26.5,36,0,1.8,40,60.1,11.4,35.1,23.8,0,36.9
2016-08-04,30.7,26,35.7,0,1.6,35,59.6,11.4,35.9,23.8,0,37.8
2016-08-03,29.1,24,34.2,0,1.6,44,65.4,11.8,32.3,22.2,0,38
2016-08-02,27.2,25,31.1,2,1.2,48,72.5,1.1,30.3,23.4,2,38.1
2016-08-01,28.4,25.8,32.4,0,1.6,50,72,5.6,30.9,23.8,0,38.1
2016-07-31,28.9,26.6,32.8,0.2,1.6,47,72.1,7.6,30.5,24.6,0.2,38.8
2016-07-30,28.6,26.4,33,0.5,2.1,46,73.5,6.5,29.6,25.7,0.7,38.9
2016-07-29,26.3,23.4,28.4,59.5,1.6,69,82.3,0.5,26.6,22.4,60.2,37.3
2016-07-28,28,26.7,30.5,0.2,2.8,47,70.6,10,31.9,23.9,60.4,37.3
2016-07-27,27.6,26.7,28.9,0.5,3.2,69,76.4,0.2,27.1,24.2,60.9,37
2016-07-26,28.4,25.6,31.9,0,2.6,53,69,6.1,32.9,23.2,0,37.6
2016-07-25,28.4,26.4,31.4,0,1.9,59,75.3,3.1,30.1,24.3,0,39.8
2016-07-24,28,27,30.1,0.5,2,66,77.9,0.5,28.1,25.2,0.5,42.6
2016-07-23,28.7,27.2,31.6,0.5,1.9,54,70.4,3,30.5,25.4,1,46.4
2016-07-22,29.1,25.3,34.1,0,2.2,46,64,6.5,32.4,22.8,0,47.9
2016-07-21,28.3,24.9,32.2,0,2.2,48,61.3,4.9,31.4,22.6,0,48.2
2016-07-20,28.6,24,32.9,0,1.9,46,62.5,6.8,30.7,21.5,0,49.7
2016-07-19,27.1,20.9,32.4,0,1.5,37,65.5,10.3,29.5,18.2,0,49.8
2016-07-18,24.4,20.7,28.4,0.2,1.5,56,75.1,8.1,25.5,19.6,0.2,47.1
2016-07-17,21.7,20.4,23.1,2.5,2.6,73,82.9,0,22.5,19.9,2.7,44.3
2016-07-16,20.8,19.8,23.8,46.5,3.5,81,92.8,0,21.5,19.1,49.2,41
2016-07-15,26.2,23.7,29.2,1.5,2.6,45,60,2.6,28.3,21,50.7,41
2016-07-14,27.5,24,32.4,0.1,2.1,40,66.9,9.9,32.2,22,50.8,42.6
2016-07-13,26.3,23.2,29.5,0,2.1,50,69,4.6,30,18.9,0,43.8
2016-07-12,26.3,22.1,30.9,3,2.1,46,65.5,8.3,29.2,21.3,3,45.5
2016-07-11,28.4,24.8,33.4,0,1.7,39,67.4,5.6,32.5,22.1,0,48.9
2016-07-10,27.9,23.2,33.1,0,1.8,44,64.4,8.6,34.5,20.1,0,51.1
2016-07-09,27.7,23.2,32.7,0,2,38,64.8,12.1,34,19,0,53.8
2016-07-08,27.3,21.2,32.4,0,1.8,40,66.5,13.3,30.7,18,0,55
2016-07-07,24,20.1,28.5,0,1.3,53,71.6,5.7,24.9,17.3,0,54.7
2016-07-06,22.9,20.3,26.9,0,1.9,55,74,6.7,24,18.3,0,53.5
2016-07-05,23.1,20.2,24.8,100.5,2.8,88,93.6,0,22.9,19.5,100.5,52.6
2016-07-04,21.8,20.2,24.1,29.5,3,66,85.1,0.8,22.3,18.6,130,51.1
2016-07-03,23.5,21.1,26.8,0,1.6,50,70.4,3.8,23.6,17.7,0,50.5
2016-07-02,23.5,20.6,27.7,4,2.4,56,81.4,4.3,24.8,20.2,4,51
2016-07-01,24,22,26.6,108.5,2.3,69,86.5,0,23.9,21.5,112.5,51.8
2016-06-30,24.6,23,26.9,0.2,2.8,65,78.1,0.9,26,21.7,112.7,72.1
2016-06-29,25.3,20.9,30.2,0,2.2,40,58,7.5,30.9,16.7,0,72.9
2016-06-28,24.7,20.4,29.7,0,1.8,34,61.1,9.2,27.9,16.9,0,75.5
2016-06-27,24.4,19.9,29.5,0,1.6,30,55.5,5,28.3,16.3,0,75.5
2016-06-26,24.4,19.4,30.3,0,2.7,27,58.4,13.4,30.5,16.5,0,75.5
2016-06-25,22.8,19.2,26.7,0,2.8,43,63.1,9.1,24.9,17.2,0,79.5
2016-06-24,23.1,21.1,25.7,3.5,2,56,75.8,3.2,23.4,18.7,3.5,79
2016-06-23,24.7,19.6,29.4,0.1,2.1,51,71,7.3,26.1,17.5,3.6,72.8
2016-06-22,24.3,20.9,30.2,30.5,2,48,75.1,1,26.2,19.1,34.1,64.9
2016-06-21,26,21,31.3,0,1.7,36,60.1,7.2,30.6,16.3,0,62.4
2016-06-20,24.7,19.6,30.7,0,1.7,40,66,6.3,29.3,16.1,0,61.5
2016-06-19,24.1,20.3,29.3,0,1.9,46,64.5,8.8,30,16.6,0,60.2
2016-06-18,24.5,20.1,29.9,0,1.8,39,58,12.5,31.4,16.3,0,57.6
2016-06-17,23.8,18.6,29.1,0,2.5,42,63.1,12,28.6,16.7,0,60.6
2016-06-16,20.9,18.6,24.9,0,2.8,51,73.5,7,22.4,17.2,0,64.4
2016-06-15,20.9,17.4,24.5,15.5,2.7,58,81.8,1.9,20.8,16.3,15.5,66.6
2016-06-14,23.8,19.7,29.5,0,2.1,44,62.5,7.8,31.8,16.3,0,64
2016-06-13,23.5,19.4,29.6,0,2.4,45,70.5,9.2,27.5,17.7,0,64.6
2016-06-12,23.5,19.9,26.7,1.5,2.1,60,79.4,3.9,25.4,18,1.5,65.9
2016-06-11,23.5,20.9,26.5,3,1.7,54,74.3,0.7,25.9,18.6,4.5,64.4
2016-06-10,24.6,20.2,31.3,0,2.2,36,60.9,12.1,32.6,15.8,0,60.5
2016-06-09,24.1,17.8,31.3,0,2,31,59.5,12.4,32.8,14.8,0,60.5
2016-06-08,22.1,18.2,27.7,0,2.3,43,65.9,11.6,31.3,15.8,0,61.7
2016-06-07,21.7,19.6,25.9,0.1,1.7,50,69.5,2.3,22.8,15.9,0.1,60.6
2016-06-06,23.3,20.8,28.4,0,2.3,31,49.1,4.6,28,18.3,0,58.2
2016-06-05,24.7,17.3,32.2,0,1.7,21,47.3,11.8,33.7,13.1,0,55.5
2016-06-04,21.2,18.2,26.3,0,1.6,35,51.8,2.7,25.7,13.7,0,55.8
2016-06-03,22.2,17.6,27.7,0,2.2,29,48.1,11.7,29.6,13.9,0,54
2016-06-02,23.2,17.2,29.1,0,2.4,25,38.3,13.5,31.7,12.6,0,49.6
2016-06-01,23.3,17.1,29.9,0,2.1,23,45.8,13.1,29.6,13.3,0,46
2016-05-31,21.6,17.4,27.6,0,2.5,39,63.6,11.6,27.9,14.8,0,42.7
2016-05-30,22.1,16.9,28.9,0,2.4,26,57.3,12.8,30.1,13.7,0,43.5
2016-05-29,21.5,17.2,27.6,0,2.3,34,56.1,8.7,27.6,13.6,0,46.6
2016-05-28,21.7,17.2,28,0,2.1,36,56.1,13.1,28.3,13.7,0,48.7
2016-05-27,20.9,14.8,27.1,0,1.7,28,61.3,8.3,23.2,12.6,0,52.8
2016-05-26,19.4,17.5,22.9,0,1.8,52,72,1.5,19.4,15.7,0,58.2
2016-05-25,19.7,15.3,24.4,0,2.7,46,67.9,5.1,21.1,14,0,61
2016-05-24,16.8,15.4,21.8,38.5,2.6,46,82.6,2.3,18.5,13.3,38.5,61.4
2016-05-23,23.3,18.3,29.4,0,2.1,25,43,7.7,28.1,13.7,0,52.3
2016-05-22,24.7,17.6,31.7,0,1.9,17,35,11.8,30.8,12.1,0,43.8
2016-05-21,24.1,17.8,30.4,0,2,12,23.8,12.4,29.3,12.5,0,40.7
2016-05-20,24,16.8,31.6,0,1.8,10,32,12.8,28.4,11.6,0,35.4
2016-05-19,24.3,16.3,31.9,0,1.6,14,36.4,13.4,29.6,11.5,0,31
2016-05-18,22.3,13.5,29.5,0,1.9,16,40.3,13.2,26.9,8.7,0,27.5
2016-05-17,19.3,10.9,26.6,0,1.9,21,48.8,13.1,23.6,5.3,0,25.7
2016-05-16,15.9,10.8,21.9,2.5,3.2,24,57,12.3,20.6,9.7,2.5,30
2016-05-15,17.4,12.3,24.2,45,2.7,38,73.9,4.5,20.1,12.3,47.5,30.6
2016-05-14,20.2,15.1,26.9,0,2.3,21,47.1,11.1,24.7,11.9,0,27.8
2016-05-13,18.6,12.7,25.4,0.5,2.1,29,57,11.6,24,12.4,0.5,25.8
2016-05-12,17.8,12.1,24,0,2.7,36,62.4,12.5,22.2,8.9,0,26.1
2016-05-11,16.4,10.4,23.5,0,2,35,60.9,12.9,21.2,8,0,25.2
2016-05-10,14.5,12.5,18.1,13.5,2.3,54,82.4,0.1,16.9,10.1,13.5,24.1
2016-05-09,20.2,16.3,25.4,0,2,22,43,5.4,23.1,13.2,0,25
2016-05-08,19.4,11.6,26.8,0,2.1,23,44.8,11.5,20.8,6.2,0,24.9
2016-05-07,16.5,10.7,22.6,0,2.6,29,60.3,12.4,19.3,7.7,0,24.3
2016-05-06,16.3,13,18.6,9.5,2,69,89.3,0,16.8,9.7,9.5,24.9
2016-05-05,18.9,10.2,26.9,7.5,1.7,17,50.8,10.9,20,3.6,17,24.4
2016-05-04,15.7,10.2,20.6,0,5.1,28,46.6,12.8,16.6,8.9,0,25.6
2016-05-03,12.9,8.9,17.6,27,4.9,72,86.1,0,14.8,8.5,27,30.4
2016-05-02,21.1,16.5,28.4,16.5,2.2,33,64.5,7.5,24.4,12.1,43.5,27.4
2016-05-01,18.8,12.2,26,0,2.2,16,40.5,6.8,20.2,5.7,0,25.4
