Date,Mean Temperature(°C),Minimum Temperature(°C),Maximum Temperature(°C),Precipitation(mm),Mean Wind Speed (m/s),Mean Relative Humidity(%),Mosquito Value
2021-08-31,20.5,18.1,23.1,77.4,2.3,93.3,82
2021-08-30,24.2,21.2,27.7,0,1.4,77.5,82.6
2021-08-29,23.7,21.9,26.3,0.9,1.6,82.6,79.3
2021-08-28,23.6,19.7,28.2,0,1.8,80.4,83
2021-08-27,22.4,20.4,25.5,0.9,1.3,83.5,79.6
2021-08-26,25.5,22.9,27.9,0.7,2.5,84.9,88.3
2021-08-25,25,23.5,27.3,0.3,1.8,85.5,87
2021-08-24,23.4,21.1,26.4,10.5,2.9,93.6,89.4
2021-08-23,22.4,21,24,7.4,2,89.3,89.4
2021-08-22,24.4,22.4,27,0,2.1,81.5,82
2021-08-21,23.8,21,25.5,62.8,2.7,88.1,85
2021-08-20,26.6,22.6,30.7,0,2.3,63.6,85.3
2021-08-19,26,21,31.5,0,2.6,57.1,91
2021-08-18,24.3,20.6,31,5.6,2.8,69.6,87.7
2021-08-17,25.9,21.9,31.3,9.3,2.4,65,91.7
2021-08-16,27.3,22.5,32.8,0,2.3,61.1,92.1
2021-08-15,26.9,21.7,32.4,0,2.3,59.6,94.4
2021-08-14,26.1,23.4,30.5,0,3,63.9,93.1
2021-08-13,26.6,23.4,30.1,0,2,70.4,92.4
2021-08-12,26.8,24,31.7,0,1.8,67.1,92.4
2021-08-11,27.4,24.1,31.6,0,2,70.3,91.4
2021-08-10,27.7,24.3,32.2,0,2.3,62.5,92.4
2021-08-09,28.3,23.3,33.6,0,2.3,62.4,90
2021-08-08,26.8,24.4,32.1,12.7,1.7,74.8,90
2021-08-07,28,23.4,32.3,0,2.1,65,86
2021-08-06,28.1,26,32.2,0,2.1,68.4,80.3
2021-08-05,29.4,25.6,33.7,0,2.1,68.1,80.3
2021-08-04,28.9,26.3,33.2,0,2,70.6,81.6
2021-08-03,28,24.1,31.4,0,1.8,76.9,87.3
2021-08-02,26.5,25,28.6,1.7,1.6,82.6,84
2021-08-01,27.1,25.1,28.8,21,1.3,81.8,82.3
2021-07-31,29.8,26.8,34.3,3,2.5,69.9,88
2021-07-30,30.5,25.8,35.4,0,2.1,63.1,88.7
2021-07-29,29.6,27,33.3,0,2,69.9,89.4
2021-07-28,30.4,27.1,34.7,0,1.9,67.4,80.9
2021-07-27,31.1,27.8,35.7,0,2.1,60.5,82
2021-07-26,31.2,27.4,35.4,0,2.4,54.9,78.6
2021-07-25,31.5,27.2,35.9,0,2,55.8,80.3
2021-07-24,31.7,26.9,36.5,0,1.7,57.4,80.9
2021-07-23,31.2,27.2,35.8,0,1.8,61.8,81.3
2021-07-22,31.2,26.5,35.9,0,2,59.8,71.5
2021-07-21,30.5,25.3,35.3,0,1.7,64,68.5
2021-07-20,27.9,23.6,31.8,0,1.5,75.8,68.5
2021-07-19,26.4,24,30.5,67.4,1.9,80.1,67.5
2021-07-18,29.6,25.7,34.1,0,2.1,62.5,66.8
2021-07-17,29.1,24.7,32.8,0,2.3,63.1,80.3
2021-07-16,28.8,24.2,35.2,0,2.2,68.4,72.9
2021-07-15,29.1,25.9,34.5,0,2.1,71.1,71.5
2021-07-14,29.7,26.1,33.5,0,2.2,71.4,72.5
2021-07-13,28.8,26.3,31.5,0,1.7,76.1,71.5
2021-07-12,28.1,23.8,32.5,0,1.6,75.1,67.5
2021-07-11,25.7,24.1,27.5,0.4,2.2,86.8,67.5
2021-07-10,25.9,23.1,29.2,0.5,2.4,80.4,67.8
2021-07-09,25.5,23.6,29.2,0,1.9,77.3,66.5
2021-07-08,26,23.8,29.8,2.9,2,81.6,63.1
2021-07-07,26.4,23.9,29.1,12.7,1.5,78.5,64.1
2021-07-06,25.3,21,30.1,0,1.6,73.4,67.1
2021-07-05,23.3,20.1,26.9,0,1.4,80.3,65.5
2021-07-04,21.4,19.8,23.1,21.4,2.3,96.8,60.1
2021-07-03,22.6,19.6,25.7,60,3.6,80,59.7
2021-07-02,27.1,23.6,31.8,0,2.3,64.1,64.8
2021-07-01,26.3,21.4,31,0,1.8,70.9,66.8
2021-06-30,24.3,21,28.8,6,1.3,77.9,69.2
2021-06-29,23.9,21.3,28.4,8,1.8,78.6,73.2
2021-06-28,23.7,21,29.2,0.1,1.9,76.4,64.4
2021-06-27,24.5,19.8,30.8,38.2,2,72.1,71.2
2021-06-26,22.8,19.9,26.7,4.5,1.8,78.5,62.1
2021-06-25,24.1,19.5,29.5,0,2,69,67.8
2021-06-24,23,18.5,28,0,1.9,71.1,67.8
2021-06-23,22.4,18.8,27.9,7.5,2.4,70.5,69.8
2021-06-22,22.8,19.7,28.6,0,2.1,67.9,66.5
2021-06-21,23.6,19.2,28.5,0,2.2,67,64.1
2021-06-20,22.9,17.6,29,0,2.8,73.3,66.1
2021-06-19,22.3,17.5,27.4,0,1.8,74,62.8
2021-06-18,20,19,21.4,6.3,2.5,92.1,58
2021-06-17,21.9,19.6,25,0,2.4,71.4,45.6
2021-06-16,24.3,20.3,28.9,0,3.6,59.9,45.6
2021-06-15,22.5,21.5,25.3,1.9,2.3,79.1,50
2021-06-14,24.8,18.9,30.2,0,2.1,68.8,56.7
2021-06-13,24.8,20.9,29.7,0,2,72.6,54.3
2021-06-12,24.2,18.2,30.2,0,1.8,74.6,56.4
2021-06-11,21.5,19.9,24.4,4.6,2.8,84.5,37.2
2021-06-10,24.9,20.5,29.8,6.1,2.2,68.5,43.9
2021-06-09,25.8,19.5,31.6,0,1.6,59.1,42.6
2021-06-08,23.6,18.8,29.5,0.1,1.7,69.6,47.6
2021-06-07,21.1,19.4,24,0,1.7,71.5,39.5
2021-06-06,23,18.4,28.2,0,2.2,69.6,40.9
2021-06-05,20.8,17,25.7,0,3.3,68.1,56
2021-06-04,18.5,13.3,23.6,0,2.9,69.4,49
2021-06-03,19.1,14.6,22.7,18.1,1.8,80.8,47.3
2021-06-02,23.2,16.6,29.7,0,2.1,64.4,48.6
2021-06-01,20.2,15.9,23.9,3.2,2.2,74.6,0.8
2021-05-31,19.9,16.5,23.8,4,1.8,78.9,42.6
2021-05-30,18.4,10.8,26.3,18.1,2.1,73,46.6
2021-05-29,15.4,12.8,19.1,0.3,2.2,79.8,48.6
2021-05-28,15.3,12.4,19.7,12.3,2.6,86,50.6
2021-05-27,15.8,13.9,18.7,8.9,2.8,83,70.8
2021-05-26,18,11.5,23,0,2.9,58.5,61.4
2021-05-25,15.3,11.9,19.3,8.3,3.2,72.3,56.7
2021-05-24,19.4,16.4,24.5,0,2.7,61,56.7
2021-05-23,19.5,14.3,25.1,0,1.7,64.4,57.7
2021-05-22,18.6,13.8,23.8,0.2,2.5,69.3,32.5
2021-05-21,16,14.2,18.2,6.9,1.7,86.5,40.2
2021-05-20,18.7,15.6,22.9,0.9,2.5,59.8,34.5
2021-05-19,19.9,12.4,26.6,0,1.8,52.3,30.8
2021-05-18,17.9,13.6,24.5,0,1.7,70.5,36.8
2021-05-17,15.3,14.2,16.7,3.1,1.6,93,27.4
2021-05-16,18.4,14.8,20.8,66.9,2.5,97.6,35.5
2021-05-15,22.1,20.8,26.2,15,1.7,79.5,39.2
2021-05-14,24.1,18,30.8,0,1.7,60.3,29.1
2021-05-13,22.9,16.6,29.6,0,1.9,54.4,29.1
2021-05-12,22,16.9,27.7,0,2.2,39.5,25.4
2021-05-11,18.5,9.4,25.7,0,2.7,48.9,29.4
2021-05-10,13.2,11.7,14.6,0,1.8,67.9,29.8
2021-05-09,15.7,10,21.8,0,3.5,51.3,37.5
2021-05-08,14.3,8.9,21,0,3.4,66.1,38.5
2021-05-07,14.4,10.7,17.2,8.8,3.4,60.3,42.9
2021-05-06,15.7,7.9,23.1,0,2.4,46.4,42.2
2021-05-05,13.9,10.3,18.4,0.1,3.5,64.4,43.2
2021-05-04,13.8,11.4,15.8,19.6,2.1,82.6,52.3
2021-05-03,14.1,8.4,20.3,0,2.1,56.4,52.3
2021-05-02,12.4,7.3,18.7,1.7,3.1,67.9,58
2021-05-01,10.2,8.5,15.3,8,2.7,80.8,55
2020-10-31,13.6,8.5,18.2,0,2.6,60.3,19.1
2020-10-30,11.9,5.8,19.6,0,1.5,42.9,19.1
2020-10-29,10.8,5.5,16.1,0,2,40.3,19.1
2020-10-28,13.8,8.6,18.2,0,2.5,52.1,19.1
2020-10-27,14,9,19.4,0,1.8,74.1,19.1
2020-10-26,12.9,8,19,0,1.6,71.6,19.1
2020-10-25,11.8,5.4,18.2,0,1.7,62.5,19.1
2020-10-24,8.7,3.2,14,0,2.5,47.6,19.1
2020-10-23,8.6,5.4,13.3,0,3,51.5,19.1
2020-10-22,13.5,8.4,18.2,0,2.8,66,19.1
2020-10-21,14.1,11.8,17.3,0,1.9,69.4,19.8
2020-10-20,15.2,9.9,21.7,0,1.6,67.1,19.1
2020-10-19,15.1,9.8,21.3,0,1.7,74.4,19.1
2020-10-18,13.6,7.2,20.2,0,2,65.5,19.1
2020-10-17,13.1,8.7,18.6,0,1.8,64.3,19.1
2020-10-16,11.8,8.6,15.4,0,1.5,64.3,19.1
2020-10-15,11.7,6.5,18.5,0,1.5,41.8,19.1
2020-10-14,12.8,8.5,18,0,2.4,47,19.1
2020-10-13,13.6,8.6,18.4,0,2.2,52.3,19.1
2020-10-12,16.2,12.1,21.3,0,2.2,68.6,19.1
2020-10-11,16.9,12.7,20.8,0,1.8,68.5,19.1
2020-10-10,16.9,12.3,21.5,0,2,60.1,19.1
2020-10-09,17.2,12.4,23.3,0,3,53.4,19.1
2020-10-08,17.2,12.1,23.1,0,3.1,53,19.1
2020-10-07,16,9.9,22,0,1.9,48.9,39.7
2020-10-06,14.2,9.3,19.7,0,2,55.9,47.6
2020-10-05,13.3,8.5,18.4,0,2.5,57.3,57.1
2020-10-04,16.6,10.6,21.8,0,2.8,65.1,54.9
2020-10-03,19.9,18.3,23.2,0,1.6,72.5,54
2020-10-02,19.2,16.3,21.9,0,2.3,79.6,56.2
2020-10-01,18.8,15.6,23.6,0,2.1,74.9,56.4
2020-09-30,19.6,16.2,25.7,38.3,1.7,78,59.7
2020-09-29,19.6,15.3,23.9,0,1.9,67.6,58.7
2020-09-28,20.7,15.7,26.5,0,2,66,58.7
2020-09-27,20.4,14.9,25.8,0,2,63.3,58.1
2020-09-26,19.3,14.8,24.8,0,2.4,62.5,59.3
2020-09-25,20.1,16.6,25.4,0,2.5,64.1,54.9
2020-09-24,20.6,16.8,25.4,0,3.7,59.6,59.8
2020-09-23,19.2,15.2,23.8,0,3.3,59.9,56.5
2020-09-22,20.2,15.5,25.6,0,2.8,55.3,56.5
2020-09-21,19.1,13.6,25.3,0,1.7,56.1,61.3
2020-09-20,19.7,15.6,24.9,0,2,57.6,65.1
2020-09-19,21.2,17.6,26.2,0.3,2.2,59.3,62.5
2020-09-18,21.5,18.1,25.8,0,2.8,62,66.8
2020-09-17,21.3,20.1,23.6,0,2.1,70.3,68.3
2020-09-16,22.5,21.3,24.9,0.3,1.9,79.9,61.7
2020-09-15,23,18.9,27.7,0,1.6,76.4,62.3
2020-09-14,21.3,17.6,24.9,0,1.8,79.3,58
2020-09-13,21.5,16.7,26.6,0,1.9,70.4,65.5
2020-09-12,20.2,18.1,23.2,5.7,2,83.8,69.9
2020-09-11,22.4,19.2,27.1,1.2,2.8,72.6,61.1
2020-09-10,22.8,18.8,27,3.9,2,75.8,69.2
2020-09-09,21.1,19,25.3,1.3,2.1,83.4,54.9
2020-09-08,23.4,20.6,26.5,0,4.2,71.5,63
2020-09-07,19.2,17.5,20.6,61,4.2,93.5,68.8
2020-09-06,21.7,19.5,24.4,6.4,2.7,80,68.8
2020-09-05,23.3,19.2,27.3,0,2,66.6,71.4
2020-09-04,23.3,19.9,27.5,0,2.7,63.9,72.8
2020-09-03,22.7,20,25.6,29.8,4.8,82,82.5
2020-09-02,24.3,22.6,26.4,33.3,2.3,91.3,81.6
2020-09-01,26.6,23.8,29.5,0,1.9,72.4,92
2020-08-31,26.4,23.8,30,0,2.8,77.9,87.3
2020-08-30,26.8,24.4,30.6,42.5,2.1,88.8,90.2
2020-08-29,26.8,25.5,29,13.6,1.3,90.1,86.5
2020-08-28,27.3,26,29.7,13.6,1.6,89.1,100.6
2020-08-27,27.1,25.6,28.6,8.7,3.6,84.6,106.8
2020-08-26,30.2,27,34.5,0.6,3.4,68.3,89.8
2020-08-25,29.9,26,34.5,0,2.1,69.5,77.2
2020-08-24,27.8,23.7,32,0,2.2,71.6,80.6
2020-08-23,25.3,21.5,29.9,0,1.9,78.4,85.2
2020-08-22,24.3,21.7,27.6,42.6,2.1,87.4,91.2
2020-08-21,26.6,25.2,29.2,2.5,1.6,83.1,85
2020-08-20,27.7,25,31.7,0,1.7,76,86.7
2020-08-19,27.1,23.6,31.4,0,2,76.8,94.8
2020-08-18,27.5,24,31.9,0,1.6,76.3,86.3
2020-08-17,28.2,26.1,32.2,0,2.3,77.9,80.5
2020-08-16,27.4,25.3,30.8,0,3,82.6,84.9
2020-08-15,26.1,25,27,69,1.9,96,89.2
2020-08-14,27.1,26.5,28,0.4,3.5,86.1,85.6
2020-08-13,28,26.3,30.3,0,2.5,82.4,82
2020-08-12,27.2,23.5,31.3,0,1.9,83.9,83
2020-08-11,24.6,22.4,27.3,97,2.2,92.5,75.2
2020-08-10,26.5,24.7,29.5,44.6,2,91.6,72.6
2020-08-09,24.9,23.7,25.8,50.3,2.6,95.4,74.9
2020-08-08,24.2,22.7,26.1,19.1,2.3,89.5,71.9
2020-08-07,24.3,22.6,26.1,0,1.8,85.3,82.1
2020-08-06,24.1,22.9,26,75.7,3.3,92.8,84.4
2020-08-05,26.5,25.5,29.1,18.5,1.9,92.1,75.6
2020-08-04,27,25,29.4,3.9,3.5,89.3,76
2020-08-03,25,23.9,26.3,102.6,3,96.3,80.6
2020-08-02,24.9,23.5,26.4,31.4,2.3,96.3,81
2020-08-01,25.3,24.3,26.9,39.1,1.7,90.9,76.8
2020-07-31,26.2,22.8,29.6,1.5,2,81.9,70.5
2020-07-30,25.3,23.4,28.4,0.1,2.1,85.5,73.1
2020-07-29,23.7,22.6,24.9,50.1,2,95.8,72.7
2020-07-28,24.4,22.7,26.4,0.4,2,84.8,77.3
2020-07-27,24.3,22.9,25.5,2.2,2.2,86.4,72.7
2020-07-26,25.4,21.6,29.6,0,2,69.3,65.9
2020-07-25,24.3,22.3,29,0,3.1,69.3,61.1
2020-07-24,22.5,18.7,26.8,2.9,4.6,74.3,70.4
2020-07-23,21.1,18.5,22.6,103.1,3.6,95.5,75.6
2020-07-22,23.7,22.6,25.7,11.5,1.6,89.3,70.8
2020-07-21,25,21.4,30.5,0,1.6,77,76.3
2020-07-20,23.8,22.4,26.6,3.6,3.7,86.3,81.3
2020-07-19,24,20.6,26.6,29.1,2.7,81.6,79.9
2020-07-18,26.1,22.8,31,0,1.6,71.6,75.6
2020-07-17,26,21.5,31.6,0,1.9,72,69.4
2020-07-16,25,20.4,29.7,0,1.8,70.9,59.1
2020-07-15,23.4,18.9,28.7,0,2,63.1,19.8
2020-07-14,20.3,17.2,24.3,11.5,2.8,79.4,69.6
2020-07-13,18.7,17.7,21.7,47.6,4,94.8,79
2020-07-12,23.5,21.7,26,2.9,2.4,71.9,73.5
2020-07-11,25.8,22.2,30.2,0,2.6,62.6,86.7
2020-07-10,24.5,22.7,27.7,2.2,2.8,75,77.7
2020-07-09,27.5,21.8,32.9,0,1.7,64.6,71.9
2020-07-08,25.5,21.3,30.4,0,2,71.9,78.1
2020-07-07,24.1,22.1,28.1,0,2.5,75.5,70.8
2020-07-06,25.6,21.8,30.9,0,2.1,66.6,72.3
2020-07-05,23.8,19.9,27.6,0,1.9,68.6,19.1
2020-07-04,24.2,20.4,29.5,1.6,2.1,63.9,72.3
2020-07-03,25.5,21.6,30.6,0.1,2.6,63.5,61
2020-07-02,24.2,20.4,29.8,0,1.9,74.5,57.7
2020-07-01,21.1,18.1,24.3,0,1.9,79.3,71.2
2020-06-30,20.1,18.4,23.1,64.7,4,83,76.4
2020-06-29,23.8,20.6,26.5,11.9,2.4,77,71.9
2020-06-28,25.2,21.5,30.1,0,2.4,70.5,63.4
2020-06-27,24.1,20.4,29.6,0,2,70.4,62.7
2020-06-26,21.8,19.2,25.7,2.1,3.2,82.1,65.2
2020-06-25,21.6,20.1,23.4,13.3,2.2,91,85.8
2020-06-24,22.3,19.9,26.3,37.6,2.7,83.5,92.2
2020-06-23,27.3,23.2,31,0,1.9,53.5,80.5
2020-06-22,28.6,21.7,35.4,0,2,50.5,75.2
2020-06-21,26.1,19.5,32.7,0,2,59.5,74.4
2020-06-20,24.9,20.7,29.7,0,2.1,62.6,69.2
2020-06-19,24.7,21.1,30,0.1,2.1,61.4,72.7
2020-06-18,23.4,20.3,27.3,0,1.6,61.4,73.1
2020-06-17,24.3,20.2,30.3,0,2,58.6,67.7
2020-06-16,24.4,20,30.7,0,2.2,63,71.7
2020-06-15,23,18.2,28.6,0,2.8,62.3,83.9
2020-06-14,24,20.1,28.8,1.1,2.9,70.6,75.4
2020-06-13,26.9,20.6,33.5,0,1.9,52.8,80.3
2020-06-12,24.7,21.6,27.6,0,1.7,68.6,79
2020-06-11,26.1,21.7,31.6,0,2.2,68.3,83
2020-06-10,25.8,22.5,32.1,6.2,2,63.8,75.6
2020-06-09,26.7,20.3,32.8,0,2.3,51.6,67.9
2020-06-08,25,19.8,32,0,2.1,63.6,76.2
2020-06-07,22.7,19.2,29.2,0,2.3,69.4,67.7
2020-06-06,24.6,19.2,30.9,0,2,63.6,63.9
2020-06-05,23,18.4,28.7,0,1.8,69.4,64.9
2020-06-04,21.9,19.7,26.5,0.2,2.7,81.1,51.1
2020-06-03,22,17.6,28.4,0,2.4,73.3,56.5
2020-06-02,17.9,14.8,21.8,2,2.2,71,61.4
2020-06-01,19.7,16.6,24.5,0.4,3.4,64.3,66.5
2020-05-31,21.2,17.6,28,1,2.3,63,59.7
2020-05-30,22.6,16.5,30,0,1.9,57.3,54.8
2020-05-29,20.7,14.6,27.6,0,2,65.6,49.9
2020-05-28,18.7,14.2,23.4,0,1.9,62.8,46.6
2020-05-27,17.4,11.8,23.9,0,2.6,68.5,47.6
2020-05-26,16.2,12.7,22.9,1.5,2.1,81.9,48.9
2020-05-25,16.6,13.7,21.3,0,2.1,81,57.7
2020-05-24,17.1,14.3,20.2,14.5,2.9,84.8,52.9
2020-05-23,20.1,16.6,25,0,2.2,66.1,49.7
2020-05-22,18.5,14.8,22.7,0,1.9,68.5,42.2
2020-05-21,17.4,10.9,22.9,0,2.1,56.1,39
2020-05-20,14.4,9.2,20.1,0,1.9,60.4,54.6
2020-05-19,13,10.1,17.1,19,3.2,73.6,54.6
2020-05-18,19.1,13.2,26.8,29.8,2.4,79.4,47.9
2020-05-17,19.1,14.6,24.9,0,1.7,80.1,46.3
2020-05-16,16.7,15,20.3,2.5,1.6,90.3,55.2
2020-05-15,16.1,14.1,20.2,12,3,81.4,46.3
2020-05-14,19.3,12.4,25.4,0,2,35.4,19.1
2020-05-13,16.1,10.2,21.8,0,2.8,47.3,47.3
2020-05-12,14.3,10.5,18.9,0.7,2.9,69.4,42.2
2020-05-11,16.5,12.4,22,3.4,3,61,41.7
2020-05-10,14.4,12.8,16.6,1.3,2.5,88.6,57.1
2020-05-09,14.2,12.7,16.8,24.4,3.6,94.4,59.7
2020-05-08,19.9,14.3,27.3,2.3,2.4,32.8,55.5
2020-05-07,20.7,14.9,26.5,0,2.5,32.5,19.1
2020-05-06,19.4,11.1,27.6,0,2.1,50,58
2020-05-05,16,13.1,19.3,0,1.9,67.9,63.4
2020-05-04,20.2,14.8,25.3,0,2.7,63.9,58.4
2020-05-03,21.8,17,27.4,0,2,68.8,58
2020-05-02,20.3,18,23.9,0,2.3,79.6,48.9
2020-05-01,20.2,16.4,26.2,0,2.7,73.6,43.4
2019-10-31,14.8,8.4,19.7,0,2.3,73.8,3.4
2019-10-30,11.2,5,17.7,0,1.6,60.3,3.6
2019-10-29,12.5,8.2,17.6,0.1,2.3,61,3.9
2019-10-28,12.9,7.4,17.7,1.7,2.5,65.9,3.9
2019-10-27,11,4.7,17.4,0,1.6,59,7.2
2019-10-26,10,6.6,14.9,0,2.5,60,18
2019-10-25,16.7,13.1,22,0,2.4,58,17.9
2019-10-24,18.3,15.3,23.8,0,2.7,47.6,17.3
2019-10-23,17,14.3,20.7,0,2.4,57.3,12.1
2019-10-22,18.1,13.3,24.4,0,1.6,56.1,11
2019-10-21,17.1,10.9,24.6,0,1,61,10.7
2019-10-20,16.5,12,22.9,0,1.3,70.3,10.8
2019-10-19,17,12.1,23.1,0,1.8,63.8,11
2019-10-18,17,12,22.7,0,2.4,58.3,11.3
2019-10-17,15.4,11.2,21.6,0,1.7,56,11.1
2019-10-16,14.6,9,20.8,0,1.6,58.3,8.4
2019-10-15,14.5,8.8,20.4,0,1.6,55.6,8.5
2019-10-14,14.4,9.5,19.6,0,2.5,56.9,8.5
2019-10-13,17.2,12.1,23.8,0,1.9,52.6,8.7
2019-10-12,17.9,13.3,23.3,0,3.5,49.3,8.8
2019-10-11,18.8,13,26.1,0,1.9,60,9.1
2019-10-10,15.2,10.7,19.8,0,1.3,60.9,10
2019-10-09,13.6,7.7,20.4,0,1.7,48.3,19.2
2019-10-08,14.7,10.6,19.8,0,2.6,58.8,41.7
2019-10-07,14.8,13.3,17.9,25.4,1.8,92,58.2
2019-10-06,18.1,13.2,22.7,0,2.9,53.4,73.8
2019-10-05,18.7,14.7,21.9,0.6,2.9,72.6,93.1
2019-10-04,22.4,18,27.8,0,2.1,71.5,93
2019-10-03,22.4,19.8,27.3,4.6,2.8,73.4,87.4
2019-10-02,21.6,20,24.2,23.1,3,88,79.8
2019-10-01,23.1,17.6,28.2,0,1.8,67.1,74.8
2019-09-30,22.4,16.4,29.9,0,1.6,61,56
2019-09-29,22.6,17.9,28.6,0,1.7,60.6,52.5
2019-09-28,23.7,19.4,29.2,0,1.7,58.9,47.3
2019-09-27,22.9,19.6,27,0,1.9,57.5,40.7
2019-09-26,22.9,17.7,29,0,1.9,59.3,37.5
2019-09-25,20.9,14.8,27.4,0,1.4,64.4,36.2
2019-09-24,19.8,13.9,26.5,0,1.8,61.3,40.9
2019-09-23,20,16.9,24.6,0,2.2,51.1,43.9
2019-09-22,18.6,17.3,19.6,0.4,3.8,63.4,48.9
2019-09-21,19.6,18.3,22.1,0,2,60.3,53.5
2019-09-20,19.6,15.8,24.2,0,2.1,52.8,59.2
2019-09-19,19.5,13.6,26,0,1.9,46.5,53.9
2019-09-18,21,16,25.4,0,3.1,46,52.2
2019-09-17,23.5,18,29,0,2.1,41.6,55.1
2019-09-16,24.5,20.7,30.5,0,2.1,53,54.9
2019-09-15,24.2,19.5,30,0,1.7,70.4,54.5
2019-09-14,22.4,20.8,24.1,0.3,1.2,80,55.4
2019-09-13,23.3,18.3,29.3,0.1,1.7,60.4,52.9
2019-09-12,21,18.7,22.9,3.9,2.6,72.3,60.5
2019-09-11,24.3,20.4,28.7,7.6,3.1,71.4,61.5
2019-09-10,23.8,22.1,26.5,63.2,2.4,93.4,58.5
2019-09-09,25.1,22.4,28,0,1.7,74.3,51.9
2019-09-08,24.7,22.9,27.3,0,1.9,76.9,58.8
2019-09-07,25.7,22.6,29.5,2.8,6,72.9,57.5
2019-09-06,25.3,21.6,29.1,2.4,2.1,79.8,55.8
2019-09-05,23,21.5,27.6,36.4,2,91.4,55.6
2019-09-04,22.8,21.2,25.5,22.7,2.5,89,58.8
2019-09-03,24.1,22,28,0,2.3,67.6,59.8
2019-09-02,24.4,19.4,29.7,0,1.6,56.6,62.4
2019-09-01,23.7,19.2,27.8,0,1.4,64,62.4
2019-08-31,23.5,18.5,28.9,0,1.9,65,44.1
2019-08-30,22.6,19.5,27,0.2,2.4,66.3,46.6
2019-08-29,23.4,20.1,26.4,36.9,2.2,77.1,40
2019-08-27,25.7,22.2,29.3,20,1,71.1,31.6
2019-08-26,26.4,21.5,32.1,0,1.2,63.8,33.1
2019-08-25,25,20.2,29.9,0,1.5,66.6,42.2
2019-08-24,24.1,21.5,27.3,0,1.5,60.9,38
2019-08-23,26.2,22.7,30.5,0,2.1,58.4,37.8
2019-08-22,26.9,23,31.4,0,1.7,66.5,38.2
2019-08-21,27,24.4,30.4,1.3,1.2,67.3,30.1
2019-08-20,28.2,23.2,32.8,0,1.5,56.3,25.2
2019-08-19,26.3,21.2,31.3,0,1.1,60.6,34.5
2019-08-18,25.6,22.6,30.7,0,1.7,66.5,25.4
2019-08-17,25.9,23.4,28.8,0,2.5,69.5,23.2
2019-08-16,25.9,23,29.5,0.1,2.2,74.5,20.1
2019-08-15,25.9,23.9,28.6,16.2,1.3,82,15.5
2019-08-14,30.4,25.9,35.7,0,1.5,63.9,17.9
2019-08-13,29.2,25.1,35.3,6.4,1.5,76.9,17.9
2019-08-12,26.6,24.8,28.5,56.2,1.3,91.8,13.1
2019-08-11,30.4,26.3,35.7,6.7,2.5,53.6,13.9
2019-08-10,31.5,26.6,36.5,0,1.5,57.9,0
2019-08-09,29.8,26,34.6,0,1.3,69,0
2019-08-08,28.9,25.9,32.7,0,1.6,71.4,0
2019-08-07,26.9,23.9,30.3,8,1.2,78.1,0
2019-08-06,31.6,27.9,36.8,0,1.5,51.4,0
2019-08-05,30.5,25.6,35.9,0,1.1,65.5,0
2019-08-04,28.3,25,34.4,8.6,1.2,75.9,0
2019-08-03,29.4,25.6,36,3,1.3,69,43.4
2019-08-02,28.4,24.7,33.1,0,1.2,74.6,59.2
2019-08-01,26.3,23.5,30.1,26.9,1.7,86.4,56.9
2019-07-31,25.8,24,27.5,62.3,2.2,91.1,99.5
2019-07-30,28.1,26.3,30.8,1.2,3.4,75.3,100
2019-07-29,27.5,25.6,30,0.5,2.6,74.5,99
2019-07-28,26.1,25,28.2,25.6,2.2,88.3,97.7
2019-07-27,28.4,24.9,33.4,0.6,1.3,76.6,96.5
2019-07-26,25.1,23.7,25.9,60,1.7,95.3,100
2019-07-25,26.3,25.6,27.4,9.7,1.2,90.1,100
2019-07-24,26.5,25.2,27.2,1,1.6,82.3,100
2019-07-23,28.1,24.4,32.9,0,1.7,70.8,94.4
2019-07-22,26.7,24.2,31,0.1,2.2,74.6,90.3
2019-07-21,25.1,24.2,27,6.2,2.2,87.1,90.6
2019-07-20,28,25.1,31.9,1.1,2.1,66.9,87.2
2019-07-19,28.6,22.8,35,0,1.5,61.3,76.5
2019-07-18,26.9,23.3,32.1,0,1.2,65,71.6
2019-07-17,25.6,22.3,29.2,0.7,1.2,73.9,70.6
2019-07-16,24.7,21.4,28.8,6.3,1.3,79,70.5
2019-07-15,23.8,22.1,27.4,7.7,1.1,80,70.2
2019-07-14,25.9,21.2,31.6,0,1.6,64.6,69.2
2019-07-13,24.9,22.1,29.7,0,1.7,67.3,72.6
2019-07-12,23.6,20,28.7,0,2,65.5,71.4
2019-07-11,21.9,19.5,25.9,2.9,1.3,76.9,73.1
2019-07-10,22.7,19.3,27.3,8.5,2,64.1,78
2019-07-09,25,19.7,30,0,1.8,46.4,80.8
2019-07-08,25.1,21.2,31,0,2,46.6,80.8
2019-07-07,26.7,22.7,32.5,0,2.2,43.3,77.8
2019-07-06,29.7,24.6,36.1,0,1.7,40.9,71.6
2019-07-05,27.6,20.2,35,0,1.5,42.1,71.4
2019-07-04,25.4,20,32.8,0,1.9,59.6,71.4
2019-07-03,24.1,21.2,27.4,0,1.7,64.6,71.6
2019-07-02,24.4,20.8,30.1,0,2.3,63.5,70.8
2019-07-01,23.9,20.6,28.9,0,2.3,64.4,71.4
2019-06-30,23.9,20.9,28.5,0,2.3,73.5,100
2019-06-29,23.1,19.6,27.7,1.5,1.2,72,100
2019-06-28,24.7,22.3,29,0,1.7,67.3,99.4
2019-06-27,25.5,21.9,31.2,1.4,1.4,70.5,85
2019-06-19,21.4,18.9,25.4,0.2,1.9,77.8,45.7
2019-06-18,20.8,17,24.8,13.8,1.5,78.6,41.9
2019-06-17,21.7,18.1,26.2,0,2.3,59.1,59.6
2019-06-16,22,16.1,27.2,0,1.6,55.4,37.3
2019-06-15,21.9,17.9,27.4,2.1,2.4,61.5,40.2
2019-06-14,23,19.1,28.4,0,1.8,54.8,44.9
2019-06-13,23,16.6,28.8,0,1.7,51.9,46.4
2019-06-12,21.5,16.1,26.4,0,1.8,57.1,34.1
2019-06-11,20.5,15.5,26.1,0,1.4,51.1,40.7
2019-06-10,18.4,15.7,21.9,9.5,1.6,70.3,47.3
2019-06-09,21.6,17.1,26.5,2.5,1.8,66.1,43.9
2019-06-08,21.9,16,27.6,0,1.4,57.5,36.7
2019-06-07,20,17,24.7,35.3,1.9,77.3,40
2019-06-06,21.2,18.6,25.1,7.5,1.2,75.9,43.6
2019-06-05,23,17.8,29.6,0,1.8,63.8,51.4
2019-06-04,22.6,17.6,29,0,2.2,56.4,58.5
2019-06-03,23.1,16,29.5,0,1.8,42.9,63.8
2019-06-02,21.1,14.1,27.8,0,1.7,42.1,59.5
2019-06-01,18.9,14.8,23.7,0,1.9,60.5,57.2
2019-05-31,19.1,16.1,23.3,0,2.8,49.6,67.2
2019-05-30,19.6,14.6,24.5,0,2.4,48,36.5
2019-05-29,20.3,13.3,26.5,0,2,48.4,22.1
2019-05-28,18.1,11.9,24.6,0,2.6,45.9,21.7
2019-05-27,17.8,14.3,22.3,7.1,2.4,80.9,21
2019-05-26,24.5,18.6,31.1,0,1.8,39,27.9
2019-05-25,23.4,18.4,28.6,0,1.6,45.6,52.8
2019-05-24,24.2,16.2,33.4,0,1.7,46.4,64.7
2019-05-23,22.1,15,29.2,0,1.7,45,64.4
2019-05-22,19.5,12.3,26.5,0,2.4,46,22.8
2019-05-21,17.2,11.7,23.8,0,2.9,52,29.4
2019-05-20,16.4,13,20.2,8.7,3.4,63.6,25.6
2019-05-19,19.4,17.9,21.6,22,1.2,93,26.6
2019-05-18,22.8,19.1,25.9,0,2.1,46.8,48.8
2019-05-17,23.6,17.6,28.3,0,1.2,44.9,35
2019-05-16,23.5,16.7,30,0,1.5,43.8,40
2019-05-15,20.7,14.8,28,0,1.7,48.1,19.3
2019-05-14,19.6,12.9,26.9,0,1.6,44.5,12.9
2019-05-13,18.7,15.5,22.8,0,1.6,43.4,11.9
2019-05-12,21.6,14.7,28.9,0,1.5,36,12.4
2019-05-11,20.3,13.2,28.3,0,1.8,39,12.7
2019-05-10,17.8,10.3,26.8,0,1.9,48,14.2
2019-05-09,16.6,11.7,22.9,0,2.2,43.3,15.8
2019-05-08,15.6,10.1,21.3,0,2.3,48.3,10.7
2019-05-07,15,8.4,21.9,0,2.3,33.4,11.6
2019-05-06,14.5,9.8,19.8,0,3.1,27.1,10.8
2019-05-05,19.2,13.6,26.5,0,2.2,35.8,7.2
2019-05-04,19.5,12,27.4,0,1.7,40.4,0.7
2019-05-03,17.9,10.1,26.1,0,1.6,37.5,0.2
2019-05-02,17.1,10.6,25.3,0,2.3,28.5,0.1
2019-05-01,16.4,11.2,22.2,0,2.3,48.9,0.2
2018-10-29,7.2,3.4,11.7,0,2,57.3,3.5
2018-10-26,12.2,9.9,14.7,11,1.6,74.1,6.3
2018-10-22,14,8.8,20.6,0,1,50,6.4
2018-10-21,13.4,7.2,21.1,0,1.1,49.5,6.1
2018-10-19,13.1,7.2,20.4,0,1.4,54.3,3.9
2018-10-16,14.5,9.9,20.3,0,1.3,55.9,3.8
2018-10-15,15.2,10.9,21,0,1.4,69.9,3.8
2018-10-08,14.8,9.2,20.9,0,1.1,47,15.5
2018-10-07,16.4,12.3,21.1,0,1.7,53.5,15.8
2018-10-06,18,16.3,21.7,55.5,2.2,84,16.3
2018-10-05,16.9,15.7,19,36.5,1.7,84.1,16.7
2018-10-04,19.3,13,25.6,0,1.3,56.5,16.8
2018-10-03,17.3,11.2,24.2,0,1.3,58,17.2
2018-10-02,15.9,10.3,22,0,1.6,61.4,19.1
2018-10-01,15.4,13,19.7,0,2.9,55.1,19.7
2018-09-30,17.6,14,21.6,0,2.3,52.5,52.6
2018-09-29,20.2,14.6,27,0,1,55.5,53.9
2018-09-28,17.5,14.3,22.2,0,1.2,58.1,51.9
2018-09-27,18.9,13.2,25,0,1.3,47.6,51.9
2018-09-26,19.4,16.2,24.8,0,1.7,47.9,56.9
2018-09-25,17.8,10.8,24.3,0,1.1,48,42.2
2018-09-24,17.6,14.2,22.1,0,2.1,48.3,39.2
2018-09-23,19.4,15.6,25.3,0,1.6,52.9,36.3
2018-09-22,20.8,17.2,25.5,6.5,1.8,62.3,40.5
2018-09-21,19.4,17.6,21.9,18,1.3,85.8,44.7
2018-09-20,19,17.8,20.1,5,1.8,82.4,51.6
2018-09-19,22.1,18.9,26.6,0.2,1,59.1,52
2018-09-18,22,17.7,26.5,0,1.2,59.8,50.9
2018-09-17,22.3,18.5,27.7,0.1,1.9,64.3,51.8
2018-09-16,22.2,21,23.9,2,1.7,83.6,54.3
2018-09-15,23.3,21,26,0.2,1,76,52.2
2018-09-14,23.5,20.3,26.8,0.5,1.3,66.9,48.9
2018-09-13,23.5,20.3,28.3,0,1.2,63.5,51.5
2018-09-12,22.8,16.8,28.2,0,1.4,52,51.7
2018-09-11,21.6,16.8,26.1,0,1.5,48.1,53
2018-09-10,22.9,18.6,28.4,0,1.6,49.5,54.4
2018-09-09,22.2,15.6,28.9,0,1.2,49,54.6
2018-09-08,21.7,15.9,27.7,0,1.7,48.8,58.1
2018-09-07,22,19.1,25.5,0.5,2.5,54.6,63.2
2018-09-06,24.1,20.9,28.2,1,2,69.9,61.7
2018-09-05,24,19.6,28.5,0,2.5,63.5,66.4
2018-09-04,23.2,20,27.8,0,2.2,69.4,64.6
2018-09-03,23.3,21.4,25.8,34.5,1,85.3,59.9
2018-09-02,25.1,20.1,29.6,0,1.5,55.8,52.7
2018-09-01,25.5,20.8,30.9,0,1.3,59.4,50.9
2018-08-31,25.6,22.8,30.3,0.1,1.6,67.4,51.4
2018-08-30,25.3,23.9,28.2,9.5,1.8,80.9,47.9
2018-08-29,25.2,22.7,27.4,42,2.4,86,39.7
2018-08-28,23.7,22.5,26.1,96.5,0.9,92.4,35.1
2018-08-27,22.7,20.2,24.9,19.5,0.8,91,23.7
2018-08-26,23.2,20.3,29,2,1.2,70,35
2018-08-25,25.2,22.7,29.3,0,2.6,68,25.7
2018-08-24,24.4,23.2,26.3,7.5,2.5,86.3,19.7
2018-08-23,29.4,25.7,32.2,3,1.7,59.1,19.6
2018-08-22,30.7,23.4,37.6,0,1.1,54.1,16.2
2018-08-21,26.6,23.4,31,5,2.5,71.4,11.6
2018-08-20,29.1,25.1,33.3,0,2,55.6,10.6
2018-08-19,28.2,23,34.4,0,1.2,50.6,9.8
2018-08-18,26.7,21.5,32.1,0,1.4,44.6,9
2018-08-17,27.2,21.7,33.8,0,1.8,39.8,8.2
2018-08-16,29.9,24.1,35.6,0,1.7,51,9.2
2018-08-15,31.7,28.3,38,1,1.2,59.5,9.7
2018-08-14,31.7,27.7,37.2,0,1.3,58.3,10.3
2018-08-13,30.5,26.7,34.4,1,1.4,68.6,9.7
2018-08-12,30.6,27.2,35.3,5,1.5,61.3,10.2
2018-08-11,31,26.4,36,0,1.5,55.8,11.2
2018-08-10,30.7,25.7,36.8,0,1.4,60.9,8.8
2018-08-09,28.8,27.1,32.5,2,1.5,76.3,6.9
2018-08-08,31,27.6,35.3,0,2.1,64.8,5.3
2018-08-07,30.5,26.8,35.9,0,1.5,63.4,4.5
2018-08-06,30.5,28.3,35.3,6.5,1.6,71.6,5.3
2018-08-05,30,27.2,33.9,2,2.6,71.8,5
2018-08-04,31.1,28,34.9,0,2.4,60.6,4.9
2018-08-03,33.1,30,37.9,0,1.9,55.3,5.1
2018-08-02,33.7,30.3,37.9,0,1.6,54.4,6.4
2018-08-01,33.6,27.8,39.6,0,1.7,55.5,8.1
2018-07-31,32.6,27.8,38.3,0,1.5,50.5,100
2018-07-30,31.7,26.2,36.9,0,1.2,50.9,100
2018-07-29,31.3,26.4,36.7,0,1.2,52.4,100
2018-07-27,30.9,27.2,35.4,0,1.9,69.3,100
2018-07-26,30.1,27.3,33.7,0,1.5,68.8,100
2018-07-25,30.1,27.7,34.1,0,2.4,66.3,100
2018-07-24,31.4,27.2,36.8,0,1.6,59.5,100
2018-07-23,31.7,29.2,35.7,0,1.8,53.8,100
2018-07-22,31.8,25.3,38,0,1.4,49.6,100
2018-07-21,30.6,24.9,36.9,0,1.5,53.6,100
2018-07-20,29.5,24.6,34.7,0,1.5,62.6,100
2018-07-19,28.7,23.2,34.1,0,1.6,64.1,100
2018-07-18,28.2,23.7,33.2,0,1.6,64.8,100
2018-07-17,28.1,23.9,32.1,0,1.7,66.5,73.9
2018-07-16,28.7,24,34,0,1.7,64.3,66.9
2018-07-15,28.3,24.5,33.2,0,1.6,69.6,53.6
2018-07-14,27.9,24.6,31.9,0,1.9,69.6,53.9
2018-07-13,27.3,24.7,30.9,0,1.8,74.8,54
2018-07-12,26.6,25.1,28.2,1,1.5,82.4,53.9
2018-07-11,26.8,24.4,29.5,3,1.3,82.9,53.3
2018-07-10,23.7,20.4,26.5,16.5,0.7,87.8,52.4
2018-07-09,20.8,20.1,24.2,14,1.1,82.3,52.4
2018-07-08,23.3,17.7,28.1,0,1.5,51.5,72
2018-07-06,23.9,21.5,27.1,0,1.8,57.8,74.1
2018-07-05,25.3,23.4,29,0.5,1.2,72.8,60.2
2018-07-04,27.3,24,31.8,0,1.7,69.6,61.4
2018-07-03,27.4,22.5,32.6,0.1,0.8,74.4,63.8
2018-07-02,22.6,20.6,25.3,59.5,0.7,95.4,61.5
2018-07-01,21.9,21,22.8,83.5,0.8,94.6,60.2
2018-06-30,24.4,21.6,27.9,14.5,0.9,83.8,87
2018-06-29,24.7,21.9,29.1,6.5,1.5,78.5,81.7
2018-06-28,23.3,20.6,27.3,26.5,1.1,85.1,76.6
2018-06-27,22.3,19.1,25.5,1,2,81.9,97.5
2018-06-26,22.3,20.2,26.9,71.5,2.4,88.3,100
2018-06-25,27.1,21.3,32.9,0,1.2,57.1,96.9
2018-06-24,25.2,20.1,32.1,0,1.9,62.8,79.4
2018-06-23,24.5,20.9,28.9,0,2,50.6,65.4
2018-06-22,25,18.2,32,0,1.8,45.1,0
2018-06-21,23.7,19.4,28.7,0,2.2,60.1,46.1
2018-06-20,22.7,19.1,28.4,0,2.3,68.1,47.1
2018-06-19,22.4,19.1,27.2,0,1.8,61.3,0
2018-06-18,24.8,19.9,30.8,0,1.5,54.9,39.5
2018-06-17,22.8,18.9,27.5,0,1.3,66.9,34.6
2018-06-16,22.5,16.3,28.7,0,1.4,56.4,0
2018-06-15,21.7,17.2,27,16.5,1.4,60.8,0
2018-06-14,21.6,18.8,25.1,29,1.1,74.9,49.3
2018-06-13,22,18.3,27,0,1.5,64,46.6
2018-06-12,21.3,16.6,27.1,0,1.7,65.5,44.6
2018-06-11,20.2,18,23.9,5,1.4,67.3,56.4
2018-06-10,21.3,18.3,24.9,0.5,1.4,59.9,56.7
2018-06-09,23.7,18.9,30.1,0.5,1.4,60.6,57.7
2018-06-08,21.9,18.5,27,0,2.1,68,61.3
2018-06-07,22.2,17.8,29.4,0,2,69.3,64.5
2018-06-06,23,18.4,27.9,0,2,62.9,56.5
2018-06-05,23.7,17.7,29.2,0,1.7,52.5,50.9
2018-06-04,22.6,18.9,27.5,0,1.9,50.1,46.4
2018-06-03,24,16.9,30.8,0,1.6,39.4,52.5
2018-06-02,23.4,17.6,30.1,0,2,44.5,45.9
2018-06-01,23.8,17.5,30.2,0,1.9,50.4,41.4
2018-05-31,20.9,14.2,27.6,0,1.9,58.9,27.4
2018-05-30,20.2,15.8,24.7,0,1.9,69.8,45.6
2018-05-29,21.4,19.1,25.9,1,1.8,69.3,29.8
2018-05-28,22.3,16.2,29.1,0,1.6,49.8,43
2018-05-27,20.3,17.3,24.7,0,1.7,47.4,50.3
2018-05-26,21.8,14,29.6,0,1.4,50.1,16.1
2018-05-25,19.7,13.8,26.2,0,1.8,47.4,10.2
2018-05-24,18.3,11.2,23.7,0,2.2,47.4,16.7
2018-05-23,17.3,13.6,23.3,6.5,2.5,57.1,23
2018-05-22,18.1,15.4,23.2,12.5,1.1,75.5,22.1
2018-05-21,17.8,11.3,23.7,0,1.4,43.9,18.3
2018-05-20,17,11.5,22.6,0,1.4,32.1,9.8
2018-05-19,17.6,10.3,24.7,0,1.5,47.5,13.1
2018-05-18,16.3,12.2,19.3,6.5,1.3,86.8,12.5
2018-05-17,20.9,18.8,23.5,83,1.4,97,16.4
2018-05-16,22.3,21.8,24.4,45,1.9,93.8,8.2
2018-05-15,23.2,15.4,29.3,0,1.1,56.4,7.2
2018-05-14,18.2,11.9,24.5,0,1.4,71.4,8.5
2018-05-13,15.8,12.7,20,0.5,1.9,82.5,9.3
2018-05-12,14.2,11.8,16.1,32,0.9,89.3,13.6
2018-05-11,16.1,11.9,21.3,0,1.8,59.8,7.7
2018-05-10,15.4,11.3,21.4,0,2.3,67.4,1.5
2018-05-09,15.7,9.2,21.8,0,1.7,50.4,1.7
2018-05-08,17.5,11.6,22.9,0,1.7,50.9,2.4
2018-05-07,19.2,14,25.5,0,1.2,60.3,3.1
2018-05-06,16.6,15,20.7,22,1.1,86.4,3.2
2018-05-05,18.3,11.6,24.6,0,2.6,46.8,2
2018-05-04,14.1,8.8,20,0,2.7,45.5,1.3
2018-05-03,11.2,6.9,14.7,1,2.7,62.4,7.4
2018-05-02,15.1,8.7,19.7,12,1.9,90.4,5
2018-05-01,20.4,17.8,23.3,0,1.5,72.8,2.4
2017-10-31,10.4,3.6,16,0,1.8,54.3,2.3
2017-10-30,7.7,2.5,13.2,0,2.4,27.4,5.4
2017-10-29,11.5,6.3,17.2,0,3.3,45.6,9.2
2017-10-28,17.2,10.6,24.8,0,2,51.9,9.3
2017-10-27,16.9,11.9,24.2,0,1.2,54.4,9.3
2017-10-26,14.5,10.7,18.1,0,1.2,56.5,9.6
2017-10-25,14.4,9.5,20.6,0,1.5,59,9.7
2017-10-24,14.4,9.9,20.9,0,1.9,54.3,9.7
2017-10-23,13.7,8.6,20.6,0,1.4,47,12.4
2017-10-22,16.3,11,23.5,0,3.1,50.4,11.5
2017-10-21,17.6,11,25.2,0,1.3,52.8,7.5
2017-10-20,17,11.1,24.2,0,1.5,58.6,7
2017-10-19,17,11.9,23.2,0,1.8,58.3,6.7
2017-10-18,16.5,14.2,19.1,0.1,2.4,58.8,6.7
2017-10-17,16.2,9.2,23.9,0,1.3,47.1,7
2017-10-16,16.6,13.6,22,0,1.7,47.6,7.4
2017-10-15,15.8,9,23,0,1.7,42.5,8.2
2017-10-13,12.8,6.1,18.9,0,3.2,51,17.8
2017-10-11,15.5,12.2,21.7,20,2.9,77.1,22.6
2017-10-10,21.4,18.6,24.8,0.4,1.3,76.9,20.8
2017-10-09,22.5,19.8,27.6,0,1.5,66,19.9
2017-10-08,23,19.3,28.7,0,1.4,66.9,18.5
2017-10-07,21.9,16.9,28.8,0,1.2,67.6,18.6
2017-10-06,18.9,16.2,23.3,0.5,2.3,66.4,17.7
2017-10-05,18.7,13.9,23.4,0,2.1,56.4,18.2
2017-10-04,16.7,10.7,24.3,0,1.8,48.5,22.2
2017-10-03,17.6,13.4,23.6,0,2.3,49.8,24.7
2017-10-02,22,15.6,29.4,1.5,2.3,62.3,27.7
2017-10-01,18.2,15.5,21.2,4,2.3,74.8,33
2017-09-30,20,14.7,25.9,0,1.5,64.9,65.6
2017-09-29,17.4,11.2,23.5,0,2.2,39.3,52
2017-09-27,22.7,19.9,27.3,0.5,1.7,66.4,49.1
2017-09-26,25.1,19.4,31.4,0,1.9,57,45.9
2017-09-25,23.4,17.4,30.1,0,1.4,58,41.5
2017-09-24,22.4,18.8,27.9,0,2,71.5,41.4
2017-09-23,21.8,17.6,27.3,0,1.6,69.8,38.3
2017-09-22,20.6,15.4,26.8,0,2.1,60.8,49.8
2017-09-21,20.3,14.2,27,0,1.6,57.3,50.1
2017-09-20,19.5,14.1,24.9,0,2.4,48.9,50.3
2017-09-19,22.6,20.1,25.8,8,3,79.1,47.8
2017-09-18,21.9,16.4,27.6,0,2.1,62.8,47.1
2017-09-17,23.1,19,29.2,0,2.7,51.3,45.1
2017-09-16,22,16.7,27.6,0,3.6,50.9,45.9
2017-09-15,22.6,17.8,27.9,0,3.6,48.4,51
2017-09-14,22.4,14.8,29.5,0,1.7,48.8,49.4
2017-09-13,21.4,15.9,27.5,0,1.9,49.3,47.6
2017-09-12,22.1,17.7,27.9,0,1.9,58.6,44.4
2017-09-11,21.2,18.6,24.6,24,1.7,79.8,48.9
2017-09-10,23,19.9,26.1,0.5,1.4,74.3,51.6
2017-09-09,23.8,19.2,28.2,0,1.4,70.1,50.8
2017-09-08,24.3,20.4,29.9,0,1.7,67.5,49.9
2017-09-07,22.4,17.8,27.5,0,1.4,73.3,51
2017-09-06,20.6,18.5,24,2,1.2,75.5,50.7
2017-09-05,21.9,20.4,23.7,0,1.7,62.4,49.8
2017-09-04,24.6,19.7,30.1,0,1.6,53.8,46.1
2017-09-03,23.7,19,29.2,0,1.6,64,45.6
2017-09-02,23.8,18.6,29.6,0,1.8,59,38.2
2017-09-01,23.3,17.1,29.7,0,2.2,56,46.1
2017-08-31,22.2,16.6,27.6,0,1.6,62.4,20.4
2017-08-30,19.8,16.1,23.9,0,1.5,55.8,25.4
2017-08-29,19.5,17,24,0,3.2,51.4,22.8
2017-08-28,21.5,18.3,26.5,9,1.5,73.1,28.6
2017-08-27,22.7,19,26.7,0,1.4,62,54.1
2017-08-24,26.5,23.9,28.1,14,4,85.3,42.4
2017-08-23,27.2,24.6,30.2,31.5,2.6,84.1,44.4
2017-08-22,27.3,23.4,31.5,0,1.9,70.6,50.6
2017-08-21,25.8,23.7,29.2,5,2.4,81.5,51.4
2017-08-20,23.2,22,25.8,124.5,2.9,95.6,48.3
2017-08-19,26.1,23.1,28.7,0,2,75.8,45.6
2017-08-18,26.3,23.9,30.6,0,1.3,75.6,45.4
2017-08-17,24.8,21.2,27.7,0.5,2.1,77.1,47.3
2017-08-16,23.3,20.5,26.8,2,3.7,80.5,43.4
2017-08-15,21.9,20.8,24,93.5,3.6,93.8,55.5
2017-08-14,24.6,23.1,27.1,1.5,3.6,67.5,44.9
2017-08-13,26.3,24.2,28.4,0,2.8,62.1,31.8
2017-08-12,27.8,23.2,32.6,0,2.1,60.3,25.2
2017-08-11,27,23.9,32.4,0.5,2.3,72.5,23.1
2017-08-10,24.8,23.9,26.3,5.5,2,89.9,21.2
2017-08-09,27.6,24.6,32,2.5,2.3,66.4,20.9
2017-08-08,28.2,25.5,31,0,1.9,67.1,18.2
2017-08-07,29.2,26.4,34.4,0,2.4,68.1,21
2017-08-06,29.8,28.2,34,5,1.9,71.9,22.8
2017-08-05,31.4,27.6,34.8,0,1.9,63,38
2017-08-04,30.3,25.9,35.3,0,2.1,60.1,42.4
2017-08-03,30.2,27.2,33.9,0,2.2,60.6,42.9
2017-08-02,30,26.6,33,0,1.3,71.9,51.9
2017-08-01,28.6,24.1,33,2,1.7,73,52.9
2017-07-31,25.7,24.8,27.1,3.5,1.4,82.3,99.5
2017-07-30,27.9,24.7,32.6,0,1.9,64.4,96.9
2017-07-29,27.2,25,30.1,0,2.3,72.3,100
2017-07-28,25.5,24.8,26.9,8.5,1.5,92.1,100
2017-07-27,27.1,24.9,29.7,3.5,1.9,62.5,100
2017-07-26,28.7,24.2,32.8,0,2.7,55.6,100
2017-07-25,29.4,24.6,35.4,0,1.9,64.1,100
2017-07-24,26.2,25.6,27.3,3,1.2,82.3,100
2017-07-23,27,26.1,28.1,133.5,2.1,89.5,100
2017-07-22,29.3,27.5,32.5,0.5,2.3,75.8,100
2017-07-21,29.8,27.3,32.4,0,2.5,73.1,100
2017-07-20,29.9,26,34.9,0,2.2,66.1,100
2017-07-19,28.3,24.5,34.1,0,1.8,71.4,97.7
2017-07-18,26.5,23.9,30.7,2.5,1.6,80.6,95.3
2017-07-17,26.8,24,29,7.5,2,77.3,92
2017-07-16,26.2,23.4,28.8,22.5,1.4,83.4,92.2
2017-07-15,25,23.4,27.3,42.5,2.2,89,93.5
2017-07-14,28.7,26.1,33,0,2.1,68.4,90.1
2017-07-13,27.6,23.1,32.1,0,1.5,71,91
2017-07-12,27.1,24.9,31.1,0,2.3,75.9,91.2
2017-07-11,26,22.2,30.9,1,2.1,81.4,92.2
2017-07-10,24,22.6,25.4,144.5,2.3,96.5,92.8
2017-07-09,26.3,23.8,30.3,32.5,1,88,88.4
2017-07-08,26,24.6,27.6,4.5,2.6,83.3,88.2
2017-07-07,26.4,24.4,28.4,16.5,2,80.8,87.8
2017-07-06,27.6,23.9,34.6,34,1.7,72.3,85.6
2017-07-05,27.4,23.3,32.6,0,1.5,66.9,84.8
2017-07-04,26.7,23.8,31.6,0.5,2,74.5,79.5
2017-07-03,24.7,21.9,27.4,67.5,3.5,87.6,75.5
2017-07-02,24.3,21.9,26.8,92,2.5,90.5,75.6
2017-07-01,25.3,22.4,30.7,0.5,2,73.6,75.4
2017-06-30,25.9,22.2,30.9,0,2.2,65.9,100
2017-06-29,26.2,21.9,31.5,0,2.2,64.8,100
2017-06-28,26,22.5,30.5,0,2.1,63.5,100
2017-06-27,25.2,20.8,30.5,0,2.2,67.5,100
2017-06-26,23.1,20.1,29.9,29,2.2,76.9,100
2017-06-25,23.8,21,28.4,1.5,1.5,75.4,100
2017-06-24,24.5,21.5,27.8,3.5,1.2,60.4,100
2017-06-23,26.7,21.3,34.1,0,2,53,100
2017-06-22,25.3,21.2,30.4,0,2.5,57.3,96.2
2017-06-21,25.4,21.7,31.6,0,2.9,52.6,79.7
2017-06-20,26,20,32.7,0,2.1,43.4,67.9
2017-06-19,24.8,19.5,30.2,0,1.8,50.9,55.6
2017-06-18,24.3,18.6,31.8,0,2.3,52,56.7
2017-06-17,24.2,20.6,29.9,0,2.4,52.3,55.1
2017-06-16,25.5,20,32.7,0,2.2,55.8,48.9
2017-06-15,23.1,18,29.6,0,2.5,62.4,50.1
2017-06-14,21.8,17.8,26.8,0,2.8,63,46.4
2017-06-13,21.5,18.3,25.9,0,2.4,63,44.1
2017-06-12,22.1,17,28,0,2.8,45.5,38.2
2017-06-11,22.8,14.8,29.6,0,2.2,33.8,42.2
2017-06-10,21.5,16.7,27.5,4.5,2.3,46.8,50.2
2017-06-09,21.2,17.9,25.7,0.1,3.3,69.8,48.8
2017-06-08,20.1,15.1,25.9,0,2.8,67.3,45.6
2017-06-07,17.6,15.1,19.2,12.5,2.4,91.4,53.1
2017-06-06,19.4,14.5,23.9,15.5,2.5,60,61.3
2017-06-05,24.2,16.4,30.3,0,1.9,33.3,62.8
2017-06-04,21.7,15.1,28.1,0,2.6,36.9,47.6
2017-06-03,20.5,16.1,26.5,0,3,44,51.7
2017-06-02,20.5,15.5,25.6,0,2.8,37.4,46.4
2017-06-01,23.3,20,27,0,3.1,51.8,40.7
2017-05-31,23.3,17.7,29.6,0,1.9,49.1,45.1
2017-05-30,23.6,18.6,30.3,0,2.4,43.5,57.9
2017-05-29,22.9,18.1,29.3,0,2.3,61.8,82.9
2017-05-28,21.2,14.4,27.9,0,2.7,50.6,56.4
2017-05-27,19.5,13.7,26.4,0,2.2,46.1,24.8
2017-05-26,17.7,12.4,23.2,0,2.9,41.5,56.1
2017-05-25,19.2,14.4,24.4,0,3.4,45.6,46.7
2017-05-24,21.8,16.9,27.8,0.1,2,60.4,45.6
2017-05-23,20,17.2,24.4,5,1.9,68,40.7
2017-05-22,21.8,15.9,28,0,2,53.6,24.6
2017-05-21,21.5,16,27.6,0,2.3,48.1,20.6
2017-05-20,20.9,15.4,27.3,0,2.4,44,18.8
2017-05-19,21.1,15.1,27.9,0,2.6,42.6,17
2017-05-18,20.4,13.9,26.9,0,2.3,41.9,17.9
2017-05-17,18.6,12.3,25.9,0,2.1,51.5,15.8
2017-05-16,17.1,13.3,22.3,0,2,60.5,12.7
2017-05-15,16,12.3,20.1,0,2.8,61.4,11
2017-05-14,15.7,11,20.7,0,3.7,58.3,12.9
2017-05-13,16.4,12.4,22.6,6,3.1,77.8,12.5
2017-05-12,19.1,16.8,21.1,0,2.1,71.6,17.4
2017-05-11,19.3,13.1,24.8,0,1.8,65.3,21.7
2017-05-10,16.4,14.2,20.8,2.5,2.5,73,56
2017-05-09,17.1,15.3,22.6,2.5,1.6,62.6,70.2
2017-05-08,17.9,11.1,23.5,0,2.1,43.6,20.8
2017-05-07,16.6,10.9,22.8,0,3.2,42.6,51.7
2017-05-06,14.9,10,19.3,0,3.8,32,44.9
2017-05-05,20.9,15.5,27,0,3.2,53.4,20.5
2017-05-04,21,14.8,27.5,0,2,43.6,14.8
2017-05-03,21.5,14.5,30.2,0,2,34.1,10.7
2017-05-02,20.7,15.2,28,0,2.1,42,11.7
2017-05-01,20.1,12.8,28.3,0,1.9,50.8,0
2016-10-31,5.7,0.7,8.2,0.5,2,59.9,11.8
2016-10-30,7.9,1.6,15.1,0,1.5,31.9,13.7
2016-10-29,7.8,3.5,11.2,0,3,40.3,17.2
2016-10-28,14.6,10.2,18.4,0.3,2.5,61.8,18.5
2016-10-27,14.6,8.6,20.9,0,1.9,65.4,20.7
2016-10-26,13.3,10.5,16.3,0,1.4,81,23.4
2016-10-25,14.1,12.5,17.5,37,2.2,84,24.8
2016-10-24,15.1,9,20.6,0,2.4,54.8,26.9
2016-10-23,13.3,10.6,17.8,2.5,4,66.3,28.9
2016-10-22,18.3,14.5,22.8,0,1.8,59,29.4
2016-10-21,17.9,15.7,22,0,3,58.6,28.3
2016-10-20,18.6,12.9,25.8,0,1.8,61.3,26
2016-10-19,18,14,24.3,0,1.5,67.6,24.1
2016-10-18,17,11.2,24,0,1.4,70.9,23.3
2016-10-17,17.5,14.5,21.7,0,1.4,76.1,21.3
2016-10-16,17.2,15.4,19.5,1.5,1.5,74.1,18.5
2016-10-15,19.1,12.4,27.1,0,1.3,60.6,17.3
2016-10-14,16.7,10.5,23.5,0,1.3,61.8,18.6
2016-10-13,15.2,9.3,21.9,0,1.4,44.1,19.8
2016-10-12,15.5,11.4,20.7,0,2,57,23
2016-10-11,15.4,10,21.1,0,1.8,62.4,26.5
2016-10-10,14,7.4,21.4,0,1.6,43.3,32.8
2016-10-09,11.3,6.5,16.6,0,2.9,46.3,39.2
2016-10-08,16.8,10.3,21.8,6,2.9,66.4,44
2016-10-07,19.7,16.5,24.8,2,2.6,67.8,45.3
2016-10-06,18,13.6,23.5,0,2.6,59.3,48.8
2016-10-05,21.1,17.5,27.2,0,3,61.9,46.2
2016-10-04,22,15.6,29,0,2.4,58.9,44.7
2016-10-03,22.7,19.6,27.9,6.5,2.7,73.3,45.3
2016-10-02,19,16.7,22.4,18.5,2.7,84.1,50.1
2016-10-01,21.1,17.5,25.6,0,1.2,69,51.3
2016-09-30,20.5,17.7,23.5,0,1.6,66.9,51
2016-09-29,20.4,18.2,24.8,0,3,64.4,51.3
2016-09-28,19.9,18.7,21.8,0.5,1.3,84.6,50.4
2016-09-27,21,19.1,23.8,13.5,1.3,82.5,49.7
2016-09-26,23.6,19.7,28.9,0,1.8,59.1,48.1
2016-09-25,23,18.6,29.7,0,1.2,57.6,47.9
2016-09-24,22.3,16.5,28.9,0,1.6,60.6,48.1
2016-09-23,21.4,16.4,27.9,0,1.6,57.9,52.4
2016-09-22,21.9,17.5,27.2,0,1.8,46.3,55.2
2016-09-21,20.2,14.3,25.3,0,2,43.4,62.4
2016-09-20,20.6,15.4,26.8,0,3.1,41.1,68.2
2016-09-19,21.9,18.2,27.8,0,3.5,53.3,70.9
2016-09-18,23.5,20.2,28.3,0,3.1,53.4,73
2016-09-17,23.1,18.5,28.2,7,2.9,64.8,75.9
2016-09-16,24.6,20.4,29.5,0,1.5,64.9,75.3
2016-09-15,23.9,18.8,29.5,0,1.3,68.1,74.3
2016-09-14,24.6,21.4,28.9,0,1.8,66.1,74.3
2016-09-13,24.6,19.6,30.8,0,1.8,62.5,75.7
2016-09-12,23.4,21.4,27.5,2.5,1.9,68.9,80.6
2016-09-11,24.5,22.1,28.2,0,1.7,66.3,82.1
2016-09-10,24.4,20,29.1,0,1.6,65.4,81.6
2016-09-08,23,21.5,26.5,4.5,1.3,76.4,80.7
2016-09-07,24.3,20.9,28.6,0,1.8,69.8,69.8
2016-09-06,24.7,21,29,0,1.8,69,64.1
2016-09-05,26.4,23,31.1,0,1.7,66.1,57.6
2016-09-04,25.6,22.1,29.6,0,1.5,71.3,51.8
2016-09-03,23.9,20.4,28.6,0.5,1.8,73.8,49.9
2016-09-02,24.2,20.6,29,4.5,2.7,68.5,49.1
2016-09-01,23.2,15.8,28.6,0,3.1,71.3,54.5
2016-08-31,17.7,16.1,19.2,17.5,3.8,85.3,52.4
2016-08-30,20.6,17.9,24.5,0,3.3,60.4,48.1
2016-08-29,22.2,17.4,27.1,0,2,54.5,44.3
2016-08-28,21,18.3,24.5,1.5,2.6,62.5,39.5
2016-08-27,23.4,16.9,29.7,0,3.1,43.3,36.4
2016-08-26,23,19.5,28.2,20,3.6,57,33.9
2016-08-25,27.1,24,32.2,4.5,1.9,70.4,33.1
2016-08-24,29.1,26.4,32.9,0,1.8,59.1,33.1
2016-08-23,28.3,26,33,8,2.1,68.8,32.8
2016-08-22,30.7,25.8,36.3,0.4,2.1,58,32.9
2016-08-21,30.7,26.9,36.6,0,2.1,57.5,33.9
2016-08-20,30.1,26.5,34.9,0,1.7,59,33.8
2016-08-19,28.9,26.6,33.2,11.5,1.4,69.5,33.7
2016-08-18,29.9,26.2,34.3,0,1.6,61.9,33.6
2016-08-17,29.9,25.1,34.7,0,1.9,60.4,33.6
2016-08-16,29.3,26.2,34.9,0.5,1.6,64.9,33.6
2016-08-15,29.1,25.8,34,0,1.9,65.5,33.2
2016-08-14,28.9,27.3,31.8,0.2,1.9,74,32.4
2016-08-13,30.2,26.8,35.1,0,2.4,67.9,32.4
2016-08-12,30.4,26.4,35.9,0,2,68.3,32
2016-08-11,30.5,26.1,36.4,0,2,64.1,32
2016-08-10,29.4,26.1,34.8,0,1.9,66.3,32.6
2016-08-09,29.3,26.4,33.6,1,1.9,68.3,33.2
2016-08-08,30.5,26.4,35.5,0,1.8,63.1,33.9
2016-08-07,30.6,27,35,0,1.9,56,34.4
2016-08-06,30.5,26.6,34,0,1.7,64.8,34.7
2016-08-05,31.2,26.5,36,0,1.8,60.1,36.9
2016-08-04,30.7,26,35.7,0,1.6,59.6,37.8
2016-08-03,29.1,24,34.2,0,1.6,65.4,38
2016-08-02,27.2,25,31.1,2,1.2,72.5,38.1
2016-08-01,28.4,25.8,32.4,0,1.6,72,38.1
2016-07-31,28.9,26.6,32.8,0.2,1.6,72.1,38.8
2016-07-30,28.6,26.4,33,0.5,2.1,73.5,38.9
2016-07-29,26.3,23.4,28.4,59.5,1.6,82.3,37.3
2016-07-28,28,26.7,30.5,0.2,2.8,70.6,37.3
2016-07-27,27.6,26.7,28.9,0.5,3.2,76.4,37
2016-07-26,28.4,25.6,31.9,0,2.6,69,37.6
2016-07-25,28.4,26.4,31.4,0,1.9,75.3,39.8
2016-07-24,28,27,30.1,0.5,2,77.9,42.6
2016-07-23,28.7,27.2,31.6,0.5,1.9,70.4,46.4
2016-07-22,29.1,25.3,34.1,0,2.2,64,47.9
2016-07-21,28.3,24.9,32.2,0,2.2,61.3,48.2
2016-07-20,28.6,24,32.9,0,1.9,62.5,49.7
2016-07-19,27.1,20.9,32.4,0,1.5,65.5,49.8
2016-07-18,24.4,20.7,28.4,0.2,1.5,75.1,47.1
2016-07-17,21.7,20.4,23.1,2.5,2.6,82.9,44.3
2016-07-16,20.8,19.8,23.8,46.5,3.5,92.8,41
2016-07-15,26.2,23.7,29.2,1.5,2.6,60,41
2016-07-14,27.5,24,32.4,0.1,2.1,66.9,42.6
2016-07-13,26.3,23.2,29.5,0,2.1,69,43.8
2016-07-12,26.3,22.1,30.9,3,2.1,65.5,45.5
2016-07-11,28.4,24.8,33.4,0,1.7,67.4,48.9
2016-07-10,27.9,23.2,33.1,0,1.8,64.4,51.1
2016-07-09,27.7,23.2,32.7,0,2,64.8,53.8
2016-07-08,27.3,21.2,32.4,0,1.8,66.5,55
2016-07-07,24,20.1,28.5,0,1.3,71.6,54.7
2016-07-06,22.9,20.3,26.9,0,1.9,74,53.5
2016-07-05,23.1,20.2,24.8,100.5,2.8,93.6,52.6
2016-07-04,21.8,20.2,24.1,29.5,3,85.1,51.1
2016-07-03,23.5,21.1,26.8,0,1.6,70.4,50.5
2016-07-02,23.5,20.6,27.7,4,2.4,81.4,51
2016-07-01,24,22,26.6,108.5,2.3,86.5,51.8
2016-06-30,24.6,23,26.9,0.2,2.8,78.1,72.1
2016-06-29,25.3,20.9,30.2,0,2.2,58,72.9
2016-06-28,24.7,20.4,29.7,0,1.8,61.1,75.5
2016-06-27,24.4,19.9,29.5,0,1.6,55.5,75.5
2016-06-26,24.4,19.4,30.3,0,2.7,58.4,75.5
2016-06-25,22.8,19.2,26.7,0,2.8,63.1,79.5
2016-06-24,23.1,21.1,25.7,3.5,2,75.8,79
2016-06-23,24.7,19.6,29.4,0.1,2.1,71,72.8
2016-06-22,24.3,20.9,30.2,30.5,2,75.1,64.9
2016-06-21,26,21,31.3,0,1.7,60.1,62.4
2016-06-20,24.7,19.6,30.7,0,1.7,66,61.5
2016-06-19,24.1,20.3,29.3,0,1.9,64.5,60.2
2016-06-18,24.5,20.1,29.9,0,1.8,58,57.6
2016-06-17,23.8,18.6,29.1,0,2.5,63.1,60.6
2016-06-16,20.9,18.6,24.9,0,2.8,73.5,64.4
2016-06-15,20.9,17.4,24.5,15.5,2.7,81.8,66.6
2016-06-14,23.8,19.7,29.5,0,2.1,62.5,64
2016-06-13,23.5,19.4,29.6,0,2.4,70.5,64.6
2016-06-12,23.5,19.9,26.7,1.5,2.1,79.4,65.9
2016-06-11,23.5,20.9,26.5,3,1.7,74.3,64.4
2016-06-10,24.6,20.2,31.3,0,2.2,60.9,60.5
2016-06-09,24.1,17.8,31.3,0,2,59.5,60.5
2016-06-08,22.1,18.2,27.7,0,2.3,65.9,61.7
2016-06-07,21.7,19.6,25.9,0.1,1.7,69.5,60.6
2016-06-06,23.3,20.8,28.4,0,2.3,49.1,58.2
2016-06-05,24.7,17.3,32.2,0,1.7,47.3,55.5
2016-06-04,21.2,18.2,26.3,0,1.6,51.8,55.8
2016-06-03,22.2,17.6,27.7,0,2.2,48.1,54
2016-06-02,23.2,17.2,29.1,0,2.4,38.3,49.6
2016-06-01,23.3,17.1,29.9,0,2.1,45.8,46
2016-05-31,21.6,17.4,27.6,0,2.5,63.6,42.7
2016-05-30,22.1,16.9,28.9,0,2.4,57.3,43.5
2016-05-29,21.5,17.2,27.6,0,2.3,56.1,46.6
2016-05-28,21.7,17.2,28,0,2.1,56.1,48.7
2016-05-27,20.9,14.8,27.1,0,1.7,61.3,52.8
2016-05-26,19.4,17.5,22.9,0,1.8,72,58.2
2016-05-25,19.7,15.3,24.4,0,2.7,67.9,61
2016-05-24,16.8,15.4,21.8,38.5,2.6,82.6,61.4
2016-05-23,23.3,18.3,29.4,0,2.1,43,52.3
2016-05-22,24.7,17.6,31.7,0,1.9,35,43.8
2016-05-21,24.1,17.8,30.4,0,2,23.8,40.7
2016-05-20,24,16.8,31.6,0,1.8,32,35.4
2016-05-19,24.3,16.3,31.9,0,1.6,36.4,31
2016-05-18,22.3,13.5,29.5,0,1.9,40.3,27.5
2016-05-17,19.3,10.9,26.6,0,1.9,48.8,25.7
2016-05-16,15.9,10.8,21.9,2.5,3.2,57,30
2016-05-15,17.4,12.3,24.2,45,2.7,73.9,30.6
2016-05-14,20.2,15.1,26.9,0,2.3,47.1,27.8
2016-05-13,18.6,12.7,25.4,0.5,2.1,57,25.8
2016-05-12,17.8,12.1,24,0,2.7,62.4,26.1
2016-05-11,16.4,10.4,23.5,0,2,60.9,25.2
2016-05-10,14.5,12.5,18.1,13.5,2.3,82.4,24.1
2016-05-09,20.2,16.3,25.4,0,2,43,25
2016-05-08,19.4,11.6,26.8,0,2.1,44.8,24.9
2016-05-07,16.5,10.7,22.6,0,2.6,60.3,24.3
2016-05-06,16.3,13,18.6,9.5,2,89.3,24.9
2016-05-05,18.9,10.2,26.9,7.5,1.7,50.8,24.4
2016-05-04,15.7,10.2,20.6,0,5.1,46.6,25.6
2016-05-03,12.9,8.9,17.6,27,4.9,86.1,30.4
2016-05-02,21.1,16.5,28.4,16.5,2.2,64.5,27.4
2016-05-01,18.8,12.2,26,0,2.2,40.5,25.4
